43.89406,11.08305,2019-12-09T06:00:00.000Z
0,0,2019-12-09T06:00:00.000Z
43.87042,11.10902,2019-12-09T06:00:00.000Z
43.84601,11.20984,2019-12-09T09:00:00.000Z
43.89863,11.10177,2019-12-09T06:00:00.000Z
43.84659,11.11153,2019-12-09T06:00:00.000Z
43.86624,11.14252,2019-12-09T13:00:00.000Z
43.8416,11.18532,2019-12-09T09:00:00.000Z
43.86269,11.08503,2019-12-09T09:00:00.000Z
43.86818,11.07842,2019-12-09T13:00:00.000Z
43.88639,11.05876,2019-12-09T06:00:00.000Z
43.83298,11.20429,2019-12-09T09:00:00.000Z
43.83476,11.17887,2019-12-09T09:00:00.000Z
43.8256,11.19882,2019-12-09T10:21:00.000Z
43.83813,11.21291,2019-12-09T13:00:00.000Z
43.87313,11.10144,2019-12-09T09:00:00.000Z
43.87439,11.06958,2019-12-09T06:00:00.000Z
43.84041,11.21022,2019-12-09T13:00:00.000Z
43.86485,11.11157,2019-12-09T06:00:00.000Z
43.80665,11.16703,2019-12-09T09:00:00.000Z
43.86496,11.09322,2019-12-09T06:00:00.000Z
43.87807,11.10131,2019-12-09T06:00:00.000Z
43.84211,11.09151,2019-12-09T06:00:00.000Z
43.83235,11.20468,2019-12-09T09:00:00.000Z
43.83659,11.2176,2019-12-09T09:00:00.000Z
43.84854,11.12005,2019-12-09T07:08:00.000Z
43.83399,11.20724,2019-12-09T13:00:00.000Z
43.90583,11.1124,2019-12-09T10:00:00.000Z
43.81261,11.17488,2019-12-09T08:00:00.000Z
43.90758,11.03149,2019-12-09T07:08:00.000Z
43.89543,11.18589,2019-12-09T13:00:00.000Z
43.85871,11.09396,2019-12-09T10:00:00.000Z
43.88243,11.06734,2019-12-09T06:00:00.000Z
43.87142,11.08209,2019-12-09T06:00:00.000Z
43.81318,11.05405,2019-12-09T06:00:00.000Z
43.80783,11.13738,2019-12-09T09:00:00.000Z
43.84062,11.08267,2019-12-09T06:00:00.000Z
43.83021,11.19448,2019-12-09T09:00:00.000Z
43.87089,11.06191,2019-12-09T13:00:00.000Z
43.83366,11.20097,2019-12-09T06:00:00.000Z
43.81206,11.1717,2019-12-09T06:00:00.000Z
43.82343,11.13318,2019-12-09T09:00:00.000Z
43.87568,11.10433,2019-12-09T09:00:00.000Z
43.84477,11.19215,2019-12-09T08:47:00.000Z
43.83619,11.19161,2019-12-09T06:00:00.000Z
43.8772,11.10414,2019-12-09T09:00:00.000Z
43.83501,11.20262,2019-12-09T09:00:00.000Z
43.86222,11.13318,2019-12-09T09:00:00.000Z
43.81599,11.04869,2019-12-09T13:00:00.000Z
43.85424,11.17926,2019-12-09T06:00:00.000Z
43.83684,11.18315,2019-12-09T09:00:00.000Z
43.84043,11.20928,2019-12-09T13:00:00.000Z
43.85922,11.10131,2019-12-09T09:00:00.000Z
43.88849,11.10784,2019-12-09T09:00:00.000Z
43.88568,11.10886,2019-12-09T09:00:00.000Z
43.86888,11.06573,2019-12-09T09:00:00.000Z
43.86112,11.15414,2019-12-09T13:00:00.000Z
43.87342,11.07147,2019-12-09T09:00:00.000Z
43.87463,11.07277,2019-12-09T09:00:00.000Z
43.86518,11.07832,2019-12-09T13:00:00.000Z
43.92291,11.09093,2019-12-09T10:00:00.000Z
43.90667,11.04811,2019-12-09T06:00:00.000Z
43.87088,11.06195,2019-12-09T05:39:00.000Z
43.86461,11.10884,2019-12-09T13:00:00.000Z
43.81462,11.14462,2019-12-09T09:00:00.000Z
43.83526,11.18548,2019-12-09T09:00:00.000Z
43.81139,11.06002,2019-12-09T06:00:00.000Z
43.88215,11.03815,2019-12-09T13:00:00.000Z
43.84332,11.18694,2019-12-09T06:00:00.000Z
43.83679,11.21124,2019-12-09T09:00:00.000Z
43.87255,11.11208,2019-12-09T06:00:00.000Z
43.9278,11.03686,2019-12-09T09:00:00.000Z
43.85551,11.15707,2019-12-09T13:00:00.000Z
43.81182,11.17862,2019-12-09T08:00:00.000Z
43.85305,11.07737,2019-12-09T06:00:00.000Z
43.84277,11.18644,2019-12-09T13:00:00.000Z
43.83737,11.18214,2019-12-09T13:00:00.000Z
43.86697,11.11256,2019-12-09T09:00:00.000Z
43.88364,11.10739,2019-12-09T13:00:00.000Z
43.84912,11.18204,2019-12-09T07:08:00.000Z
43.82592,11.19942,2019-12-09T09:00:00.000Z
43.87678,11.11613,2019-12-09T09:00:00.000Z
43.89047,11.06463,2019-12-09T06:00:00.000Z
43.92694,11.03948,2019-12-09T09:00:00.000Z
43.85657,10.99058,2019-12-09T13:00:00.000Z
43.88104,11.09649,2019-12-09T06:00:00.000Z
43.89792,11.10826,2019-12-09T09:00:00.000Z
43.86273,11.08502,2019-12-09T06:00:00.000Z
43.86526,11.08662,2019-12-09T06:00:00.000Z
43.83694,11.19802,2019-12-09T09:00:00.000Z
43.85827,11.11578,2019-12-09T09:00:00.000Z
43.8664,11.1045,2019-12-09T06:00:00.000Z
43.80708,11.11178,2019-12-09T09:00:00.000Z
43.80565,11.13908,2019-12-09T10:00:00.000Z
43.88157,11.07004,2019-12-09T09:00:00.000Z
43.87179,11.07272,2019-12-09T06:00:00.000Z
43.86584,11.09446,2019-12-09T06:00:00.000Z
43.82211,11.1329,2019-12-09T06:00:00.000Z
43.8495,11.18377,2019-12-09T09:00:00.000Z
43.86242,11.08713,2019-12-09T09:00:00.000Z
43.81115,11.06017,2019-12-09T06:00:00.000Z
43.79116,11.26673,2019-12-09T09:00:00.000Z
43.87462,11.11116,2019-12-09T09:00:00.000Z
43.90815,11.09436,2019-12-09T09:00:00.000Z
43.89746,11.10748,2019-12-09T13:00:00.000Z
43.83739,11.19787,2019-12-09T10:00:00.000Z
43.83207,11.19716,2019-12-09T06:00:00.000Z
43.84268,11.20044,2019-12-09T13:00:00.000Z
43.87283,11.11157,2019-12-09T07:08:00.000Z
43.8492,11.09752,2019-12-09T06:00:00.000Z
43.82162,11.13354,2019-12-09T06:00:00.000Z
43.8617,11.16933,2019-12-09T09:00:00.000Z
43.88277,11.08302,2019-12-09T13:00:00.000Z
43.85499,11.15951,2019-12-09T09:00:00.000Z
43.88844,11.10904,2019-12-09T13:00:00.000Z
43.85495,11.17787,2019-12-09T07:08:00.000Z
43.89871,11.10299,2019-12-09T09:00:00.000Z
43.84162,11.19771,2019-12-09T09:00:00.000Z
43.84253,11.20016,2019-12-09T13:00:00.000Z
43.83913,11.08585,2019-12-09T13:00:00.000Z
43.86784,11.10601,2019-12-09T09:00:00.000Z
43.8375,11.21169,2019-12-09T13:00:00.000Z
43.88502,11.10367,2019-12-09T06:00:00.000Z
43.82258,11.20878,2019-12-09T13:00:00.000Z
43.89973,11.04491,2019-12-09T06:00:00.000Z
43.88438,11.0756,2019-12-09T09:00:00.000Z
43.8933,11.06888,2019-12-09T09:00:00.000Z
43.84671,11.18526,2019-12-09T13:00:00.000Z
43.82007,11.13209,2019-12-09T13:00:00.000Z
43.83644,11.18501,2019-12-09T13:00:00.000Z
43.80775,11.10224,2019-12-09T06:00:00.000Z
43.81219,11.17163,2019-12-09T05:39:00.000Z
43.86093,11.10921,2019-12-09T06:00:00.000Z
43.80629,11.11426,2019-12-09T13:00:00.000Z
43.85418,11.09859,2019-12-09T06:00:00.000Z
43.88144,11.05438,2019-12-09T13:00:00.000Z
43.86932,11.1003,2019-12-09T06:00:00.000Z
43.87722,11.10575,2019-12-09T06:00:00.000Z
43.83958,11.20541,2019-12-09T09:00:00.000Z
43.88398,11.04252,2019-12-09T06:00:00.000Z
43.87172,11.08353,2019-12-09T09:00:00.000Z
43.82055,11.13715,2019-12-09T09:00:00.000Z
43.83878,11.20333,2019-12-09T13:00:00.000Z
43.83922,11.21519,2019-12-09T13:00:00.000Z
43.84153,11.19354,2019-12-09T06:00:00.000Z
43.90194,11.071,2019-12-09T06:00:00.000Z
43.82726,11.20177,2019-12-09T09:00:00.000Z
43.81851,11.0446,2019-12-09T13:00:00.000Z
43.86074,11.11625,2019-12-09T13:00:00.000Z
43.89479,11.18209,2019-12-09T09:00:00.000Z
43.87663,11.04084,2019-12-09T13:00:00.000Z
43.85895,11.18347,2019-12-09T06:00:00.000Z
43.84249,11.20328,2019-12-09T09:00:00.000Z
43.88189,11.1041,2019-12-09T10:00:00.000Z
43.83798,11.18199,2019-12-09T13:00:00.000Z
43.84338,11.20156,2019-12-09T09:00:00.000Z
43.8771,11.11622,2019-12-09T13:00:00.000Z
43.875,11.04411,2019-12-09T06:00:00.000Z
43.83929,11.19184,2019-12-09T09:00:00.000Z
43.88972,11.05784,2019-12-09T06:00:00.000Z
43.82195,11.22058,2019-12-09T06:00:00.000Z
43.87659,11.10395,2019-12-09T06:00:00.000Z
43.85892,11.11709,2019-12-09T13:00:00.000Z
43.81814,11.13575,2019-12-09T09:00:00.000Z
43.87169,11.10884,2019-12-09T13:00:00.000Z
43.86164,11.16648,2019-12-09T13:00:00.000Z
43.86079,11.15526,2019-12-09T13:00:00.000Z
43.86377,11.07843,2019-12-09T06:00:00.000Z
43.8026,11.13331,2019-12-09T09:00:00.000Z
43.8447,11.19888,2019-12-09T09:00:00.000Z
43.87265,11.10212,2019-12-09T09:00:00.000Z
43.88226,11.10441,2019-12-09T10:00:00.000Z
43.88163,11.10388,2019-12-09T13:00:00.000Z
43.91379,11.09396,2019-12-09T08:00:00.000Z
43.84226,11.27873,2019-12-09T10:00:00.000Z
43.82344,11.12743,2019-12-09T06:00:00.000Z
43.86041,11.16113,2019-12-09T13:00:00.000Z
43.80776,11.10221,2019-12-09T06:00:00.000Z
43.86478,11.09503,2019-12-09T06:00:00.000Z
43.8745,11.0449,2019-12-09T06:00:00.000Z
43.82626,11.11736,2019-12-09T13:00:00.000Z
43.8709,11.09706,2019-12-09T09:00:00.000Z
43.86992,11.11485,2019-12-09T10:07:03.000Z
43.826,11.1346,2019-12-09T10:00:00.000Z
43.88264,11.03923,2019-12-09T05:39:00.000Z
43.874,11.10182,2019-12-09T14:25:00.000Z
43.8252,11.13167,2019-12-09T09:00:00.000Z
43.87455,11.10697,2019-12-09T07:08:00.000Z
43.85835,11.07881,2019-12-09T09:00:00.000Z
43.88179,11.10981,2019-12-09T06:00:00.000Z
43.92049,11.126,2019-12-09T09:00:00.000Z
43.85817,11.15797,2019-12-09T09:00:00.000Z
43.81651,11.13477,2019-12-09T09:00:00.000Z
43.87735,11.02143,2019-12-09T06:00:00.000Z
43.82598,11.19829,2019-12-09T13:00:00.000Z
43.84667,11.11147,2019-12-09T09:00:00.000Z
43.81873,11.20616,2019-12-09T13:00:00.000Z
43.86814,11.14438,2019-12-09T09:00:00.000Z
43.86462,11.14364,2019-12-09T09:00:00.000Z
43.86462,11.16939,2019-12-09T09:00:00.000Z
43.82217,11.21696,2019-12-09T13:00:00.000Z
43.87648,11.10508,2019-12-09T09:00:00.000Z
43.85232,11.07772,2019-12-09T13:00:00.000Z
43.87637,11.10919,2019-12-09T08:00:00.000Z
43.83905,11.19766,2019-12-09T09:00:00.000Z
43.92714,11.03033,2019-12-09T13:00:00.000Z
43.87084,11.1148,2019-12-09T09:00:00.000Z
43.84158,11.17144,2019-12-09T06:00:00.000Z
43.85549,11.15793,2019-12-09T09:00:00.000Z
43.83087,11.2015,2019-12-09T06:00:00.000Z
43.92999,11.02908,2019-12-09T09:00:00.000Z
43.84429,11.12051,2019-12-09T13:00:00.000Z
43.90804,11.03091,2019-12-09T13:00:00.000Z
43.90453,11.07044,2019-12-09T09:00:00.000Z
43.82681,11.20287,2019-12-09T09:00:00.000Z
43.89184,11.07171,2019-12-09T06:00:00.000Z
43.83597,11.20294,2019-12-09T09:00:00.000Z
43.8255,11.20508,2019-12-09T13:00:00.000Z
43.84956,11.11116,2019-12-09T10:00:00.000Z
43.8626,11.08503,2019-12-09T09:00:00.000Z
43.84129,11.19289,2019-12-09T13:00:00.000Z
43.88914,11.07173,2019-12-09T06:00:00.000Z
43.86852,11.11376,2019-12-09T13:00:00.000Z
43.85956,11.15413,2019-12-09T13:00:00.000Z
43.90295,11.07366,2019-12-09T13:00:00.000Z
43.84067,11.20392,2019-12-09T13:00:00.000Z
43.84155,11.18472,2019-12-09T13:00:00.000Z
43.83737,11.21575,2019-12-09T13:00:00.000Z
43.84058,11.11469,2019-12-09T06:00:00.000Z
43.82795,11.21227,2019-12-09T13:00:00.000Z
43.87154,11.07261,2019-12-09T09:00:00.000Z
43.92536,11.03873,2019-12-09T10:00:00.000Z
43.84293,11.11448,2019-12-09T13:00:00.000Z
43.85389,11.15844,2019-12-09T06:00:00.000Z
43.88038,11.09594,2019-12-09T09:00:00.000Z
43.86039,11.15705,2019-12-09T09:00:00.000Z
43.83635,11.17706,2019-12-09T09:00:00.000Z
43.86272,11.08483,2019-12-09T09:00:00.000Z
43.89609,11.18473,2019-12-09T09:00:00.000Z
43.85848,11.1017,2019-12-09T13:00:00.000Z
43.89106,11.07271,2019-12-09T09:00:00.000Z
43.86706,11.12813,2019-12-09T13:00:00.000Z
43.88821,11.04164,2019-12-09T10:00:00.000Z
43.86846,11.10168,2019-12-09T09:00:00.000Z
43.83653,11.18022,2019-12-09T09:00:00.000Z
43.90261,11.02728,2019-12-09T09:00:00.000Z
43.81731,11.19793,2019-12-09T06:00:00.000Z
43.80572,11.18233,2019-12-09T10:07:03.000Z
43.84092,11.20754,2019-12-09T13:00:00.000Z
43.87537,11.0954,2019-12-09T06:00:00.000Z
43.86765,11.10059,2019-12-09T08:00:00.000Z
43.80775,11.10221,2019-12-09T06:00:00.000Z
43.86982,11.12367,2019-12-09T06:00:00.000Z
43.87583,11.09971,2019-12-09T06:00:00.000Z
43.82668,11.19731,2019-12-09T06:00:00.000Z
43.87788,11.0553,2019-12-09T06:00:00.000Z
43.91872,11.05736,2019-12-09T09:00:00.000Z
43.86674,11.12822,2019-12-09T09:00:00.000Z
43.88125,11.09795,2019-12-09T09:00:00.000Z
43.90541,11.09591,2019-12-09T13:00:00.000Z
43.87437,11.11022,2019-12-09T10:00:00.000Z
43.81955,11.13468,2019-12-09T06:00:00.000Z
43.83314,11.20836,2019-12-09T09:00:00.000Z
43.84672,11.18524,2019-12-09T08:00:00.000Z
43.91694,11.03085,2019-12-09T13:00:00.000Z
43.859,11.11766,2019-12-09T13:00:00.000Z
43.85572,11.15806,2019-12-09T09:00:00.000Z
43.86732,11.11067,2019-12-09T09:00:00.000Z
43.87432,11.09803,2019-12-09T09:00:00.000Z
43.83162,11.0628,2019-12-09T06:00:00.000Z
43.83374,11.20652,2019-12-09T06:00:00.000Z
43.90503,11.07017,2019-12-09T09:00:00.000Z
43.83186,11.19804,2019-12-09T06:00:00.000Z
43.92622,11.03636,2019-12-09T09:00:00.000Z
43.87445,11.08917,2019-12-09T14:44:00.000Z
43.84138,11.20435,2019-12-09T13:00:00.000Z
43.81894,11.20577,2019-12-09T06:00:00.000Z
43.90721,11.11344,2019-12-09T09:00:00.000Z
43.87592,11.03906,2019-12-09T09:00:00.000Z
43.89607,11.18372,2019-12-09T13:00:00.000Z
43.82165,11.13587,2019-12-09T13:00:00.000Z
43.88468,11.10994,2019-12-09T13:00:00.000Z
43.8328,11.19695,2019-12-09T13:00:00.000Z
43.9073,11.05274,2019-12-09T09:00:00.000Z
43.85564,11.14433,2019-12-09T06:00:00.000Z
43.84533,11.09644,2019-12-09T09:00:00.000Z
43.90424,11.09999,2019-12-09T10:00:00.000Z
43.88092,11.08872,2019-12-09T09:00:00.000Z
43.85373,11.09993,2019-12-09T06:00:00.000Z
43.86814,11.15931,2019-12-09T09:00:00.000Z
43.88962,11.07418,2019-12-09T09:00:00.000Z
43.90257,11.02741,2019-12-09T09:00:00.000Z
43.90676,11.05175,2019-12-09T06:00:00.000Z
43.86814,11.10089,2019-12-09T07:08:00.000Z
43.81251,11.18244,2019-12-09T08:00:00.000Z
43.90872,11.06799,2019-12-09T09:00:00.000Z
43.83539,11.20842,2019-12-09T10:00:00.000Z
43.84726,11.17562,2019-12-09T06:00:00.000Z
43.87825,11.07326,2019-12-09T06:00:00.000Z
43.85524,11.17425,2019-12-09T09:00:00.000Z
43.81569,11.05774,2019-12-09T10:00:00.000Z
43.89659,11.10657,2019-12-09T06:00:00.000Z
43.85109,11.10263,2019-12-09T06:00:00.000Z
43.85318,11.15099,2019-12-09T09:00:00.000Z
43.86753,11.1005,2019-12-09T09:00:00.000Z
43.88174,11.1083,2019-12-09T08:00:00.000Z
43.88373,11.09935,2019-12-09T06:00:00.000Z
43.90944,11.06357,2019-12-09T13:00:00.000Z
43.86948,11.10101,2019-12-09T09:00:00.000Z
43.821,11.13325,2019-12-09T09:00:00.000Z
43.84339,11.18952,2019-12-09T13:00:00.000Z
43.89795,11.18495,2019-12-09T08:00:00.000Z
43.79907,11.14092,2019-12-09T06:00:00.000Z
43.81488,11.04678,2019-12-09T09:00:00.000Z
43.85659,10.9906,2019-12-09T09:00:00.000Z
43.83703,11.13215,2019-12-09T13:00:00.000Z
43.86635,11.11172,2019-12-09T09:00:00.000Z
43.88953,11.10578,2019-12-09T09:00:00.000Z
43.89923,11.11061,2019-12-09T09:00:00.000Z
43.86265,11.08508,2019-12-09T09:00:00.000Z
43.92511,11.0371,2019-12-09T09:00:00.000Z
43.83381,11.18533,2019-12-09T09:00:00.000Z
43.82283,11.1284,2019-12-09T06:00:00.000Z
43.8299,11.11981,2019-12-09T06:00:00.000Z
43.90532,11.09363,2019-12-09T06:00:00.000Z
43.84071,11.1148,2019-12-09T09:00:00.000Z
43.85346,11.16906,2019-12-09T09:00:00.000Z
43.88401,11.10353,2019-12-09T08:00:00.000Z
43.89669,11.06444,2019-12-09T10:06:22.407Z
43.86552,11.14362,2019-12-09T13:00:00.000Z
43.83792,11.18412,2019-12-09T07:08:00.000Z
43.8955,11.09798,2019-12-09T09:00:00.000Z
43.89024,11.10603,2019-12-09T09:00:00.000Z
43.83761,11.18536,2019-12-09T07:08:00.000Z
43.85667,11.15342,2019-12-09T09:00:00.000Z
43.84934,11.18191,2019-12-09T06:00:00.000Z
43.89495,11.18309,2019-12-09T09:00:00.000Z
43.83733,11.2091,2019-12-09T13:00:00.000Z
43.89363,11.08741,2019-12-09T10:00:00.000Z
43.86372,11.08479,2019-12-09T06:00:00.000Z
43.86663,11.12875,2019-12-09T09:00:00.000Z
43.90612,11.09473,2019-12-09T13:00:00.000Z
43.86839,11.06112,2019-12-09T10:00:00.000Z
43.86194,11.16893,2019-12-09T06:00:00.000Z
43.85495,11.1651,2019-12-09T13:00:00.000Z
43.8197,11.21275,2019-12-09T13:00:00.000Z
43.82627,11.20842,2019-12-09T13:00:00.000Z
43.90069,11.07711,2019-12-09T08:00:00.000Z
43.83523,11.1794,2019-12-09T09:00:00.000Z
43.85922,11.11727,2019-12-09T13:00:00.000Z
43.94431,11.21455,2019-12-09T06:00:00.000Z
43.88636,11.08566,2019-12-09T09:00:00.000Z
43.83579,11.19967,2019-12-09T09:00:00.000Z
43.83584,11.20616,2019-12-09T06:00:00.000Z
43.8385,11.04212,2019-12-09T13:00:00.000Z
43.82571,11.20472,2019-12-09T06:00:00.000Z
43.87706,11.10578,2019-12-09T06:00:00.000Z
43.84345,11.14103,2019-12-09T09:00:00.000Z
43.84198,11.09344,2019-12-09T13:00:00.000Z
43.83789,11.18423,2019-12-09T09:00:00.000Z
43.86259,11.08504,2019-12-09T09:00:00.000Z
43.8615,11.06534,2019-12-09T06:00:00.000Z
43.83754,11.19901,2019-12-09T06:00:00.000Z
43.89239,11.07727,2019-12-09T09:00:00.000Z
43.90188,11.1107,2019-12-09T08:00:00.000Z
43.81895,11.14613,2019-12-09T10:00:00.000Z
43.80649,11.17018,2019-12-09T09:00:00.000Z
43.92412,11.0362,2019-12-09T10:00:00.000Z
43.83341,11.20687,2019-12-09T06:00:00.000Z
43.87666,11.10381,2019-12-09T09:00:00.000Z
43.85846,11.15268,2019-12-09T09:00:00.000Z
43.80684,11.10816,2019-12-09T13:00:00.000Z
43.88684,11.10843,2019-12-09T09:00:00.000Z
43.85793,11.08849,2019-12-09T09:00:00.000Z
43.80556,11.13691,2019-12-09T06:00:00.000Z
43.89426,11.1848,2019-12-09T13:00:00.000Z
43.83709,11.18326,2019-12-09T13:00:00.000Z
43.88413,11.08727,2019-12-09T06:00:00.000Z
43.81158,11.08694,2019-12-09T10:00:00.000Z
43.81133,11.06008,2019-12-09T06:00:00.000Z
43.80755,11.13739,2019-12-09T06:00:00.000Z
43.8946,11.06669,2019-12-09T06:00:00.000Z
43.88258,11.17983,2019-12-09T09:00:00.000Z
43.81594,11.05704,2019-12-09T06:00:00.000Z
43.87267,11.09737,2019-12-09T06:00:00.000Z
43.87812,11.09556,2019-12-09T09:00:00.000Z
43.8667,11.165,2019-12-09T12:00:00.000Z
43.87625,11.05333,2019-12-09T06:00:00.000Z
43.84175,11.11218,2019-12-09T06:00:00.000Z
43.89847,11.10474,2019-12-09T06:00:00.000Z
43.85873,11.15188,2019-12-09T09:00:00.000Z
43.81911,11.21289,2019-12-09T08:00:00.000Z
43.87089,11.10965,2019-12-09T10:00:00.000Z
43.87548,11.04117,2019-12-09T06:00:00.000Z
43.8721,11.10452,2019-12-09T13:00:00.000Z
43.841,11.20364,2019-12-09T13:00:00.000Z
43.83724,11.19802,2019-12-09T13:00:00.000Z
43.88666,11.06861,2019-12-09T06:00:00.000Z
43.88778,11.05234,2019-12-09T13:00:00.000Z
43.89534,11.08244,2019-12-09T06:00:00.000Z
43.87339,11.11417,2019-12-09T09:00:00.000Z
43.81551,11.05863,2019-12-09T06:00:00.000Z
43.82492,11.12439,2019-12-09T09:00:00.000Z
43.842,11.20925,2019-12-09T09:00:00.000Z
43.81821,11.13439,2019-12-09T06:00:00.000Z
43.89058,11.07693,2019-12-09T09:00:00.000Z
43.84178,11.08585,2019-12-09T13:00:00.000Z
43.81532,11.0413,2019-12-09T06:00:00.000Z
43.93023,11.02766,2019-12-09T09:00:00.000Z
43.84327,11.18714,2019-12-09T09:00:00.000Z
43.92751,11.03106,2019-12-09T09:00:00.000Z
43.88132,11.10748,2019-12-09T09:00:00.000Z
43.8549,11.06825,2019-12-09T14:00:00.000Z
43.82168,11.13701,2019-12-09T13:00:00.000Z
43.85864,11.12154,2019-12-09T06:00:00.000Z
43.87806,11.05974,2019-12-09T06:00:00.000Z
43.89267,11.1804,2019-12-09T09:00:00.000Z
43.83594,11.1955,2019-12-09T10:00:00.000Z
43.87625,11.11664,2019-12-09T09:00:00.000Z
43.87465,11.09851,2019-12-09T06:00:00.000Z
43.80757,11.10542,2019-12-09T06:00:00.000Z
43.87312,11.10131,2019-12-09T07:08:00.000Z
43.87728,11.1,2019-12-09T09:00:00.000Z
43.8648,11.09787,2019-12-09T06:00:00.000Z
43.83699,11.18055,2019-12-09T09:00:00.000Z
43.88275,11.10549,2019-12-09T09:00:00.000Z
43.82117,11.13292,2019-12-09T09:00:00.000Z
43.86361,11.0932,2019-12-09T09:00:00.000Z
43.8437,11.04507,2019-12-09T13:00:00.000Z
43.8088,11.17573,2019-12-09T09:19:00.000Z
43.8134,11.1702,2019-12-09T06:00:00.000Z
43.85947,11.14039,2019-12-09T09:00:00.000Z
43.8805,11.09603,2019-12-09T09:00:00.000Z
43.87305,11.10086,2019-12-09T11:38:12.000Z
43.80979,11.18314,2019-12-09T06:00:00.000Z
43.89795,11.10571,2019-12-09T09:00:00.000Z
43.91259,11.03968,2019-12-09T06:00:00.000Z
43.91042,11.06511,2019-12-09T09:00:00.000Z
43.8975,11.10498,2019-12-09T13:00:00.000Z
43.83921,11.20804,2019-12-09T13:00:00.000Z
43.84563,11.1991,2019-12-09T13:00:00.000Z
43.87053,11.08762,2019-12-09T07:48:00.000Z
43.83799,11.21,2019-12-09T09:00:00.000Z
43.89489,11.08303,2019-12-09T13:00:00.000Z
43.87642,11.03989,2019-12-09T09:00:00.000Z
43.89205,11.07658,2019-12-09T13:00:00.000Z
43.8792,11.09435,2019-12-09T13:00:00.000Z
43.84557,11.0954,2019-12-09T09:00:00.000Z
43.84349,11.12264,2019-12-09T09:00:00.000Z
43.82062,11.14212,2019-12-09T13:00:00.000Z
43.90485,11.07308,2019-12-09T09:00:00.000Z
43.88767,11.10855,2019-12-09T09:00:00.000Z
43.80761,11.10387,2019-12-09T08:00:00.000Z
43.82166,11.20499,2019-12-09T06:00:00.000Z
43.89725,11.18417,2019-12-09T06:00:00.000Z
43.82551,11.13283,2019-12-09T09:00:00.000Z
43.88618,11.18413,2019-12-09T09:00:00.000Z
43.86271,11.08475,2019-12-09T05:39:00.000Z
43.82562,11.20036,2019-12-09T06:00:00.000Z
43.83485,11.19864,2019-12-09T13:00:00.000Z
43.86275,11.08503,2019-12-09T06:00:00.000Z
43.90522,11.09483,2019-12-09T06:00:00.000Z
43.94501,11.21418,2019-12-09T09:00:00.000Z
43.88424,11.09,2019-12-09T09:00:00.000Z
43.80782,11.10236,2019-12-09T09:00:00.000Z
43.85439,11.15865,2019-12-09T09:00:00.000Z
43.83207,11.20768,2019-12-09T09:00:00.000Z
43.85837,11.10497,2019-12-09T13:00:00.000Z
43.82911,11.193,2019-12-09T13:00:00.000Z
43.9279,11.03125,2019-12-09T09:00:00.000Z
43.8203,11.1325,2019-12-09T06:00:00.000Z
43.82538,11.13516,2019-12-09T09:00:00.000Z
43.84208,11.20772,2019-12-09T13:00:00.000Z
43.83294,11.20874,2019-12-09T08:43:00.000Z
43.87426,11.09184,2019-12-09T09:00:00.000Z
43.86335,11.17031,2019-12-09T06:00:00.000Z
43.80801,11.18048,2019-12-09T13:00:00.000Z
43.84486,11.08474,2019-12-09T13:00:00.000Z
43.8223,11.12193,2019-12-09T13:00:00.000Z
43.91358,11.09408,2019-12-09T06:00:00.000Z
43.84542,11.11031,2019-12-09T06:00:00.000Z
43.86954,11.1007,2019-12-09T09:00:00.000Z
43.83325,11.20858,2019-12-09T09:00:00.000Z
43.83426,11.12887,2019-12-09T00:15:00.000Z
43.8391,11.1916,2019-12-09T09:00:00.000Z
43.90884,11.11653,2019-12-09T06:00:00.000Z
43.85831,11.04873,2019-12-09T13:00:00.000Z
43.81926,11.14522,2019-12-09T13:00:00.000Z
43.82529,11.12817,2019-12-09T09:00:00.000Z
43.90007,11.07558,2019-12-09T13:00:00.000Z
43.8789,11.11156,2019-12-09T09:00:00.000Z
43.89063,11.0812,2019-12-09T07:48:00.000Z
43.83675,11.18303,2019-12-09T09:00:00.000Z
43.86646,11.1295,2019-12-09T09:00:00.000Z
43.86268,11.08502,2019-12-09T09:00:00.000Z
43.86137,11.11485,2019-12-09T10:00:00.000Z
43.90768,11.09363,2019-12-09T06:00:00.000Z
43.94555,11.21408,2019-12-09T13:00:00.000Z
43.86663,11.10932,2019-12-09T13:00:00.000Z
43.8572,11.11828,2019-12-09T09:00:00.000Z
43.86473,11.15802,2019-12-09T09:00:00.000Z
43.92539,11.03345,2019-12-09T09:00:00.000Z
43.89408,11.08305,2019-12-09T09:00:00.000Z
43.82113,11.20579,2019-12-09T09:00:00.000Z
43.83681,11.1874,2019-12-09T13:00:00.000Z
43.82146,11.13418,2019-12-09T09:00:00.000Z
43.89488,11.18293,2019-12-09T09:00:00.000Z
43.84433,11.19607,2019-12-09T06:00:00.000Z
43.82382,11.21431,2019-12-09T10:00:00.000Z
43.92037,11.0329,2019-12-09T06:00:00.000Z
43.88496,11.1088,2019-12-09T06:00:00.000Z
43.90442,11.10759,2019-12-09T13:00:00.000Z
43.86217,11.16457,2019-12-09T10:00:00.000Z
43.84198,11.19453,2019-12-09T13:00:00.000Z
43.9026,11.02729,2019-12-09T06:00:00.000Z
43.8255,11.12798,2019-12-09T06:00:00.000Z
43.87483,11.11602,2019-12-09T09:00:00.000Z
43.89837,11.1081,2019-12-09T09:00:00.000Z
43.89396,11.08298,2019-12-09T06:00:00.000Z
43.8382,11.21535,2019-12-09T13:00:00.000Z
43.85954,11.11839,2019-12-09T06:00:00.000Z
43.85259,11.14846,2019-12-09T09:00:00.000Z
43.89158,11.08087,2019-12-09T06:00:00.000Z
43.88762,11.07141,2019-12-09T06:00:00.000Z
43.85742,11.16337,2019-12-09T06:00:00.000Z
43.82343,11.12152,2019-12-09T06:00:00.000Z
43.89809,11.0862,2019-12-09T09:00:00.000Z
43.85036,11.08549,2019-12-09T05:39:00.000Z
43.84286,11.1149,2019-12-09T09:00:00.000Z
43.84196,11.12617,2019-12-09T09:00:00.000Z
43.89295,11.06039,2019-12-09T06:00:00.000Z
43.83909,11.19169,2019-12-09T07:08:00.000Z
43.85855,11.15736,2019-12-09T13:00:00.000Z
43.87356,11.08974,2019-12-09T09:00:00.000Z
43.8206,11.13228,2019-12-09T13:00:00.000Z
43.87803,11.1014,2019-12-09T06:00:00.000Z
43.89462,11.09752,2019-12-09T06:00:00.000Z
43.91561,11.22387,2019-12-09T06:00:00.000Z
43.93085,11.02868,2019-12-09T09:00:00.000Z
43.81363,11.14451,2019-12-09T13:00:00.000Z
43.84348,11.07767,2019-12-09T06:00:00.000Z
43.91693,11.05688,2019-12-09T13:00:00.000Z
43.8465,11.07252,2019-12-09T09:00:00.000Z
43.87386,11.09575,2019-12-09T13:12:27.000Z
43.86465,11.10826,2019-12-09T11:35:00.000Z
43.8033,11.18571,2019-12-09T09:00:00.000Z
43.80563,11.11867,2019-12-09T06:00:00.000Z
43.79683,11.14751,2019-12-09T14:25:00.000Z
43.86877,11.10849,2019-12-09T06:00:00.000Z
43.8377,11.13132,2019-12-09T09:00:00.000Z
43.83207,11.19719,2019-12-09T06:00:00.000Z
43.8876,11.09314,2019-12-09T09:00:00.000Z
43.86768,11.1006,2019-12-09T07:08:00.000Z
43.93105,11.02894,2019-12-09T09:00:00.000Z
43.86048,11.07498,2019-12-09T09:00:00.000Z
43.8829,11.0908,2019-12-09T06:00:00.000Z
43.83982,11.20584,2019-12-09T13:00:00.000Z
43.82628,11.20188,2019-12-09T13:00:00.000Z
43.84452,11.07359,2019-12-09T13:00:00.000Z
43.80727,11.17657,2019-12-09T09:00:00.000Z
43.84645,11.19995,2019-12-09T13:00:00.000Z
43.85905,11.11577,2019-12-09T09:00:00.000Z
43.86732,11.0659,2019-12-09T09:00:00.000Z
43.81073,11.05014,2019-12-09T06:00:00.000Z
43.80883,11.17375,2019-12-09T06:00:00.000Z
43.89601,11.18698,2019-12-09T09:00:00.000Z
43.84971,11.12298,2019-12-09T07:08:00.000Z
43.87415,11.05606,2019-12-09T06:00:00.000Z
43.88721,11.07456,2019-12-09T10:00:00.000Z
43.88888,11.09583,2019-12-09T06:00:00.000Z
43.8376,11.18539,2019-12-09T06:00:00.000Z
43.88153,11.06977,2019-12-09T09:00:00.000Z
43.86734,11.11341,2019-12-09T06:00:00.000Z
43.84462,11.10813,2019-12-09T06:00:00.000Z
43.86038,11.17583,2019-12-09T06:00:00.000Z
43.81871,11.13763,2019-12-09T06:00:00.000Z
43.92504,11.02151,2019-12-09T09:00:00.000Z
43.86531,11.17038,2019-12-09T13:00:00.000Z
43.8217,11.14374,2019-12-09T13:00:00.000Z
43.84604,11.17116,2019-12-09T07:08:00.000Z
43.89886,11.10852,2019-12-09T08:00:00.000Z
43.84157,11.19354,2019-12-09T13:00:00.000Z
43.86766,11.10061,2019-12-09T09:00:00.000Z
43.87651,11.08009,2019-12-09T06:00:00.000Z
43.84468,11.11702,2019-12-09T09:00:00.000Z
43.80605,11.18032,2019-12-09T09:00:00.000Z
43.90644,11.03555,2019-12-09T09:00:00.000Z
43.91756,11.09468,2019-12-09T09:00:00.000Z
43.91655,11.23052,2019-12-09T09:00:00.000Z
43.90604,11.06942,2019-12-09T06:00:00.000Z
43.92507,11.03893,2019-12-09T09:00:00.000Z
43.84278,11.11507,2019-12-09T13:00:00.000Z
43.86499,11.09415,2019-12-09T06:00:00.000Z
43.86217,11.07983,2019-12-09T13:00:00.000Z
43.84472,11.11093,2019-12-09T06:00:00.000Z
43.8778,11.10315,2019-12-09T09:00:00.000Z
43.84032,11.07211,2019-12-09T07:08:00.000Z
43.87395,11.11313,2019-12-09T09:00:00.000Z
43.84339,11.07264,2019-12-09T00:00:00.000Z
43.85537,11.15483,2019-12-09T13:00:00.000Z
43.86125,11.10668,2019-12-09T06:00:00.000Z
43.81192,11.05962,2019-12-09T06:00:00.000Z
43.83911,11.20298,2019-12-09T06:00:00.000Z
43.86056,11.15376,2019-12-09T06:00:00.000Z
43.88856,11.08151,2019-12-09T09:00:00.000Z
43.82951,11.21643,2019-12-09T06:00:00.000Z
43.84614,11.15183,2019-12-09T10:00:00.000Z
43.83535,11.18397,2019-12-09T13:00:00.000Z
43.82635,11.20278,2019-12-09T09:00:00.000Z
43.90464,11.10935,2019-12-09T07:08:00.000Z
43.86734,11.06657,2019-12-09T06:00:00.000Z
43.83053,11.19566,2019-12-09T08:47:00.000Z
43.89432,11.08259,2019-12-09T09:00:00.000Z
43.84797,11.17398,2019-12-09T09:00:00.000Z
43.86755,11.12716,2019-12-09T13:00:00.000Z
43.82846,11.19543,2019-12-09T07:08:00.000Z
43.83065,11.19554,2019-12-09T09:00:00.000Z
43.86451,11.1776,2019-12-09T09:00:00.000Z
43.84314,11.07746,2019-12-09T09:00:00.000Z
43.85239,11.1012,2019-12-09T06:00:00.000Z
43.85307,11.11521,2019-12-09T06:00:00.000Z
43.87206,11.11238,2019-12-09T09:00:00.000Z
43.87665,11.10035,2019-12-09T09:00:00.000Z
43.91146,11.06506,2019-12-09T09:00:00.000Z
43.86324,11.17373,2019-12-09T06:00:00.000Z
43.85546,11.10884,2019-12-09T09:00:00.000Z
43.87934,11.05605,2019-12-09T09:00:00.000Z
43.83704,11.20846,2019-12-09T13:00:00.000Z
43.83606,11.20398,2019-12-09T13:00:00.000Z
43.8149,11.05024,2019-12-09T06:00:00.000Z
43.88297,11.1046,2019-12-09T06:00:00.000Z
43.86675,11.09557,2019-12-09T09:00:00.000Z
43.92072,11.05367,2019-12-09T10:00:00.000Z
43.88728,11.05717,2019-12-09T10:07:03.000Z
43.86273,11.08479,2019-12-09T06:00:00.000Z
43.79861,11.14074,2019-12-09T06:00:00.000Z
43.87399,11.11045,2019-12-09T09:00:00.000Z
43.83331,11.19712,2019-12-09T09:00:00.000Z
43.9075,11.05221,2019-12-09T06:00:00.000Z
43.83755,11.18349,2019-12-09T09:00:00.000Z
43.84472,11.08903,2019-12-09T06:00:00.000Z
43.88048,11.09604,2019-12-09T06:00:00.000Z
43.8664,11.15478,2019-12-09T06:00:00.000Z
43.8402,11.0183,2019-12-09T09:00:00.000Z
43.89951,11.07171,2019-12-09T06:00:00.000Z
43.86008,11.1728,2019-12-09T04:42:00.000Z
43.82575,11.20334,2019-12-09T09:00:00.000Z
43.8593,11.16311,2019-12-09T06:00:00.000Z
43.81931,11.14634,2019-12-09T11:38:12.000Z
43.82264,11.13289,2019-12-09T09:00:00.000Z
43.82368,11.12299,2019-12-09T06:00:00.000Z
43.88513,11.08302,2019-12-09T06:00:00.000Z
43.9257,11.03893,2019-12-09T09:00:00.000Z
43.88651,11.07276,2019-12-09T09:00:00.000Z
43.87139,11.0589,2019-12-09T10:00:00.000Z
43.89561,11.10003,2019-12-09T11:38:12.000Z
43.81882,11.13768,2019-12-09T13:00:00.000Z
43.90062,11.10392,2019-12-09T09:00:00.000Z
43.88102,11.10826,2019-12-09T09:00:00.000Z
43.83652,11.21487,2019-12-09T13:00:00.000Z
43.81682,11.14431,2019-12-09T13:00:00.000Z
43.8843,11.10353,2019-12-09T10:00:00.000Z
43.87425,11.09178,2019-12-09T09:00:00.000Z
43.85661,11.15237,2019-12-09T06:00:00.000Z
43.88369,11.07378,2019-12-09T06:00:00.000Z
43.89592,11.09593,2019-12-09T10:00:00.000Z
43.81537,11.05403,2019-12-09T06:00:00.000Z
43.8714,11.12028,2019-12-09T06:00:00.000Z
43.84657,11.11136,2019-12-09T09:00:00.000Z
43.89758,11.08751,2019-12-09T09:00:00.000Z
43.85176,11.18637,2019-12-09T09:00:00.000Z
43.81689,11.14538,2019-12-09T09:00:00.000Z
43.8369,11.20758,2019-12-09T13:00:00.000Z
43.84327,11.20082,2019-12-09T09:00:00.000Z
43.89552,11.09797,2019-12-09T06:00:00.000Z
43.88022,11.08196,2019-12-09T06:00:00.000Z
43.87671,11.0971,2019-12-09T06:00:00.000Z
43.87909,11.10751,2019-12-09T06:00:00.000Z
43.84192,11.11295,2019-12-09T13:00:00.000Z
43.83908,11.21169,2019-12-09T13:00:00.000Z
43.83514,11.18605,2019-12-09T13:00:00.000Z
43.87298,11.10149,2019-12-09T06:00:00.000Z
43.90902,11.04198,2019-12-09T06:00:00.000Z
43.88281,11.18056,2019-12-09T09:00:00.000Z
43.87382,11.09009,2019-12-09T09:00:00.000Z
43.81871,11.20593,2019-12-09T09:00:00.000Z
43.86863,11.10115,2019-12-09T09:00:00.000Z
43.84967,11.09575,2019-12-09T06:00:00.000Z
43.86817,11.10525,2019-12-09T09:00:00.000Z
43.85389,11.09915,2019-12-09T06:00:00.000Z
43.89488,11.06702,2019-12-09T06:00:00.000Z
43.86821,11.10454,2019-12-09T13:00:00.000Z
43.82976,11.21816,2019-12-09T09:00:00.000Z
43.83143,11.20326,2019-12-09T09:00:00.000Z
43.83656,11.21006,2019-12-09T13:00:00.000Z
43.82116,11.13297,2019-12-09T09:00:00.000Z
43.90262,11.0274,2019-12-09T09:00:00.000Z
43.87709,11.10436,2019-12-09T06:00:00.000Z
43.86443,11.08222,2019-12-09T06:00:00.000Z
43.82651,11.06944,2019-12-09T06:00:00.000Z
43.85495,11.06827,2019-12-09T09:00:00.000Z
43.80613,11.16888,2019-12-09T06:00:00.000Z
43.87549,11.10318,2019-12-09T07:08:00.000Z
43.84152,11.18239,2019-12-09T08:00:00.000Z
43.84703,11.15347,2019-12-09T09:00:00.000Z
43.83857,11.10595,2019-12-09T13:00:00.000Z
43.87746,11.09751,2019-12-09T06:00:00.000Z
43.86479,11.08217,2019-12-09T13:00:00.000Z
43.85538,11.06145,2019-12-09T14:44:00.000Z
43.88399,11.08267,2019-12-09T09:00:00.000Z
43.89118,11.08133,2019-12-09T10:00:00.000Z
43.84683,11.11975,2019-12-09T06:00:00.000Z
43.82316,11.19944,2019-12-09T06:00:00.000Z
43.91283,11.06451,2019-12-09T09:00:00.000Z
43.83675,11.20742,2019-12-09T09:00:00.000Z
43.79827,11.13985,2019-12-09T06:00:00.000Z
43.84376,11.19606,2019-12-09T13:00:00.000Z
43.82341,11.20652,2019-12-09T06:00:00.000Z
43.86266,11.08503,2019-12-09T09:00:00.000Z
43.8771,11.10778,2019-12-09T06:00:00.000Z
43.82392,11.20363,2019-12-09T09:00:00.000Z
43.86737,11.0954,2019-12-09T07:08:00.000Z
43.87534,11.11379,2019-12-09T06:00:00.000Z
43.88303,11.09891,2019-12-09T13:00:00.000Z
43.84668,11.09411,2019-12-09T09:00:00.000Z
43.8216,11.20558,2019-12-09T09:00:00.000Z
43.89121,11.08777,2019-12-09T06:00:00.000Z
43.86886,11.1046,2019-12-09T13:00:00.000Z
43.87646,11.10525,2019-12-09T10:00:00.000Z
43.88109,11.11063,2019-12-09T09:00:00.000Z
43.81871,11.14877,2019-12-09T13:00:00.000Z
43.91566,11.09127,2019-12-09T09:00:00.000Z
43.87442,11.11638,2019-12-09T09:00:00.000Z
43.87375,11.09769,2019-12-09T09:00:00.000Z
43.8873,11.10601,2019-12-09T06:00:00.000Z
43.83488,11.18673,2019-12-09T06:00:00.000Z
43.86336,11.06641,2019-12-09T05:39:00.000Z
43.86335,11.12612,2019-12-09T06:00:00.000Z
43.81553,11.05544,2019-12-09T06:00:00.000Z
43.8729,11.10041,2019-12-09T14:02:00.000Z
43.86061,11.11712,2019-12-09T13:00:00.000Z
43.84047,11.04267,2019-12-09T13:00:00.000Z
43.8486,11.18244,2019-12-09T06:00:00.000Z
43.88047,11.09604,2019-12-09T09:00:00.000Z
43.92158,11.02627,2019-12-09T09:00:00.000Z
43.85984,11.16934,2019-12-09T06:00:00.000Z
43.81844,11.04205,2019-12-09T06:00:00.000Z
43.86272,11.08479,2019-12-09T06:00:00.000Z
43.84688,11.15213,2019-12-09T09:00:00.000Z
43.8344,11.18575,2019-12-09T06:00:00.000Z
43.84769,11.17994,2019-12-09T13:00:00.000Z
43.88456,11.08585,2019-12-09T06:00:00.000Z
43.83957,11.10849,2019-12-09T09:00:00.000Z
43.85574,11.08388,2019-12-09T09:00:00.000Z
43.84295,11.1144,2019-12-09T06:00:00.000Z
43.87046,11.0974,2019-12-09T09:00:00.000Z
43.83434,11.18843,2019-12-09T10:00:00.000Z
43.86013,11.09243,2019-12-09T10:00:00.000Z
43.84163,11.20751,2019-12-09T13:00:00.000Z
43.90268,11.02714,2019-12-09T06:00:00.000Z
43.84463,11.12703,2019-12-09T09:00:00.000Z
43.79544,11.14882,2019-12-09T06:00:00.000Z
43.85662,11.14434,2019-12-09T09:00:00.000Z
43.86008,11.10966,2019-12-09T10:57:00.000Z
43.86651,11.1099,2019-12-09T10:00:00.000Z
43.83517,11.10721,2019-12-09T10:00:00.000Z
43.84222,11.18923,2019-12-09T09:00:00.000Z
43.87701,11.03863,2019-12-09T06:00:00.000Z
43.83875,11.19187,2019-12-09T06:00:00.000Z
43.87689,11.09962,2019-12-09T13:00:00.000Z
43.84839,11.19017,2019-12-09T09:00:00.000Z
43.86798,11.12578,2019-12-09T09:00:00.000Z
43.89702,11.06079,2019-12-09T09:00:00.000Z
43.86287,11.07993,2019-12-09T06:00:00.000Z
43.87429,11.10382,2019-12-09T06:00:00.000Z
43.89074,11.10775,2019-12-09T09:00:00.000Z
43.83931,11.20869,2019-12-09T13:00:00.000Z
43.88928,11.10838,2019-12-09T09:00:00.000Z
43.89493,11.18524,2019-12-09T13:00:00.000Z
43.83144,11.20333,2019-12-09T06:00:00.000Z
43.86093,11.15428,2019-12-09T09:00:00.000Z
43.85702,11.15306,2019-12-09T06:00:00.000Z
43.83986,11.16671,2019-12-09T13:00:00.000Z
43.87697,11.09636,2019-12-09T09:00:00.000Z
43.8165,11.13751,2019-12-09T09:00:00.000Z
43.83584,11.17809,2019-12-09T09:00:00.000Z
43.81588,11.13686,2019-12-09T09:00:00.000Z
43.841,11.18663,2019-12-09T13:00:00.000Z
43.88461,11.11197,2019-12-09T08:00:00.000Z
43.89823,11.10079,2019-12-09T13:00:00.000Z
43.85753,11.12087,2019-12-09T09:00:00.000Z
43.89142,11.07332,2019-12-09T09:00:00.000Z
43.86376,11.09253,2019-12-09T11:38:12.000Z
43.88813,11.10681,2019-12-09T06:00:00.000Z
43.91534,11.06034,2019-12-09T09:00:00.000Z
43.92072,11.03376,2019-12-09T09:00:00.000Z
43.82171,11.22068,2019-12-09T06:00:00.000Z
43.8503,11.16379,2019-12-09T13:00:00.000Z
43.84307,11.0908,2019-12-09T06:00:00.000Z
43.81766,11.04854,2019-12-09T06:00:00.000Z
43.87444,11.11639,2019-12-09T13:00:00.000Z
43.80584,11.11846,2019-12-09T06:00:00.000Z
43.83683,11.17674,2019-12-09T13:00:00.000Z
43.85402,11.08444,2019-12-09T09:00:00.000Z
43.90532,11.06958,2019-12-09T08:00:00.000Z
43.83462,11.10089,2019-12-09T10:00:00.000Z
43.90497,11.07009,2019-12-09T10:00:00.000Z
43.86052,11.11806,2019-12-09T06:00:00.000Z
43.90748,11.05164,2019-12-09T06:00:00.000Z
43.85845,11.16491,2019-12-09T09:00:00.000Z
43.86664,11.16292,2019-12-09T08:00:00.000Z
43.82269,11.12324,2019-12-09T09:00:00.000Z
43.8635,11.16778,2019-12-09T09:00:00.000Z
43.8665,11.111,2019-12-09T13:00:00.000Z
43.94511,11.21395,2019-12-09T13:00:00.000Z
43.85804,11.07649,2019-12-09T10:00:00.000Z
43.86735,11.11008,2019-12-09T10:00:00.000Z
43.87647,11.05344,2019-12-09T13:00:00.000Z
43.81556,11.04908,2019-12-09T06:00:00.000Z
43.83493,11.17908,2019-12-09T09:00:00.000Z
43.8134,11.21218,2019-12-09T13:00:00.000Z
43.86076,11.13496,2019-12-09T09:00:00.000Z
43.83167,11.2045,2019-12-09T09:00:00.000Z
43.83182,11.20403,2019-12-09T09:00:00.000Z
43.87802,11.05944,2019-12-09T13:00:00.000Z
43.83952,11.18465,2019-12-09T06:00:00.000Z
43.84795,11.18034,2019-12-09T09:00:00.000Z
43.90018,11.09527,2019-12-09T13:00:00.000Z
43.8517,11.11415,2019-12-09T13:00:00.000Z
43.86268,11.08476,2019-12-09T06:00:00.000Z
43.87244,11.11431,2019-12-09T06:00:00.000Z
43.88747,11.06578,2019-12-09T09:00:00.000Z
43.83466,11.20616,2019-12-09T13:00:00.000Z
43.85863,11.11129,2019-12-09T09:00:00.000Z
43.90668,11.11024,2019-12-09T06:00:00.000Z
43.81732,11.13502,2019-12-09T13:00:00.000Z
43.93921,11.18797,2019-12-09T09:00:00.000Z
43.82727,11.12267,2019-12-09T06:00:00.000Z
43.84423,11.18561,2019-12-09T13:00:00.000Z
43.85662,11.08196,2019-12-09T06:00:00.000Z
43.87075,11.08634,2019-12-09T13:00:00.000Z
43.84089,11.18667,2019-12-09T09:00:00.000Z
43.85652,10.99067,2019-12-09T13:00:00.000Z
43.89541,11.18301,2019-12-09T09:00:00.000Z
43.8633,11.13496,2019-12-09T13:46:56.000Z
43.92427,11.03587,2019-12-09T09:00:00.000Z
43.87585,11.03921,2019-12-09T09:00:00.000Z
43.87089,11.06193,2019-12-09T06:00:00.000Z
43.88262,11.08762,2019-12-09T07:08:00.000Z
43.81673,11.14091,2019-12-09T09:00:00.000Z
43.8412,11.19207,2019-12-09T13:00:00.000Z
43.82295,11.12339,2019-12-09T08:00:00.000Z
43.84057,11.17279,2019-12-09T05:39:00.000Z
43.80324,11.13414,2019-12-09T06:00:00.000Z
43.89761,11.08753,2019-12-09T09:00:00.000Z
43.84997,11.17832,2019-12-09T06:00:00.000Z
43.88376,11.08196,2019-12-09T06:00:00.000Z
43.91632,11.05954,2019-12-09T10:00:00.000Z
43.90918,11.05517,2019-12-09T13:00:00.000Z
43.89887,11.1053,2019-12-09T06:00:00.000Z
43.94464,11.21277,2019-12-09T13:00:00.000Z
43.82695,11.14084,2019-12-09T09:00:00.000Z
43.87923,11.0944,2019-12-09T09:00:00.000Z
43.8796,11.07419,2019-12-09T06:00:00.000Z
43.80449,11.18517,2019-12-09T09:00:00.000Z
43.87174,11.10036,2019-12-09T06:00:00.000Z
43.84237,11.18983,2019-12-09T09:00:00.000Z
43.82483,11.19912,2019-12-09T09:00:00.000Z
43.80113,11.14811,2019-12-09T06:00:00.000Z
43.87776,11.06162,2019-12-09T06:00:00.000Z
43.90582,11.04532,2019-12-09T06:00:00.000Z
43.83638,11.20433,2019-12-09T09:00:00.000Z
43.82115,11.13273,2019-12-09T09:00:00.000Z
43.85029,11.12547,2019-12-09T06:00:00.000Z
43.86477,11.09823,2019-12-09T09:00:00.000Z
43.85996,11.16187,2019-12-09T09:00:00.000Z
43.81631,11.13966,2019-12-09T06:00:00.000Z
43.88581,11.07737,2019-12-09T09:00:00.000Z
43.88358,11.10725,2019-12-09T13:00:00.000Z
43.88179,11.03878,2019-12-09T06:00:00.000Z
43.85661,10.99063,2019-12-09T13:00:00.000Z
43.89387,11.09531,2019-12-09T13:00:00.000Z
43.87685,11.1047,2019-12-09T11:39:00.000Z
43.87702,11.09964,2019-12-09T08:00:00.000Z
43.83664,11.18331,2019-12-09T06:00:00.000Z
43.87743,11.05373,2019-12-09T13:00:00.000Z
43.8362,11.18163,2019-12-09T13:00:00.000Z
43.81725,11.14599,2019-12-09T06:00:00.000Z
43.92937,11.03217,2019-12-09T13:00:00.000Z
43.85662,10.99059,2019-12-09T06:00:00.000Z
43.8154,11.05367,2019-12-09T06:00:00.000Z
43.85551,11.15147,2019-12-09T09:00:00.000Z
43.8876,11.10601,2019-12-09T09:00:00.000Z
43.89714,11.10659,2019-12-09T10:00:00.000Z
43.88795,11.10838,2019-12-09T13:00:00.000Z
43.84075,11.11481,2019-12-09T13:00:00.000Z
43.8984,11.10062,2019-12-09T09:00:00.000Z
43.8599,11.16621,2019-12-09T09:00:00.000Z
43.8241,11.13516,2019-12-09T13:00:00.000Z
43.90644,11.11162,2019-12-09T09:00:00.000Z
43.8223,11.20161,2019-12-09T09:00:00.000Z
43.83633,11.19547,2019-12-09T09:00:00.000Z
43.88828,11.09356,2019-12-09T09:00:00.000Z
43.92907,11.03119,2019-12-09T09:00:00.000Z
43.8848,11.03211,2019-12-09T09:00:00.000Z
43.82894,11.13856,2019-12-09T09:00:00.000Z
43.84668,11.19932,2019-12-09T13:00:00.000Z
43.87538,11.09895,2019-12-09T06:00:00.000Z
43.84138,11.11448,2019-12-09T08:00:00.000Z
43.88758,11.05908,2019-12-09T09:00:00.000Z
43.87511,11.09178,2019-12-09T13:00:00.000Z
43.89574,11.18579,2019-12-09T09:00:00.000Z
43.84323,11.09222,2019-12-09T06:00:00.000Z
43.909,11.05297,2019-12-09T13:00:00.000Z
43.90622,11.0954,2019-12-09T09:00:00.000Z
43.88294,11.18077,2019-12-09T13:00:00.000Z
43.81034,11.13448,2019-12-09T09:00:00.000Z
43.87865,11.10425,2019-12-09T10:00:00.000Z
43.89839,11.07554,2019-12-09T09:00:00.000Z
43.91458,11.22455,2019-12-09T09:00:00.000Z
43.86661,11.11125,2019-12-09T13:00:00.000Z
43.82209,11.13564,2019-12-09T14:00:00.000Z
43.92559,11.02787,2019-12-09T09:00:00.000Z
43.9274,11.03558,2019-12-09T13:00:00.000Z
43.88889,11.04803,2019-12-09T09:00:00.000Z
43.8516,11.1523,2019-12-09T13:00:00.000Z
43.81517,11.05468,2019-12-09T09:00:00.000Z
43.86278,11.08515,2019-12-09T06:00:00.000Z
43.89796,11.10472,2019-12-09T09:00:00.000Z
43.83222,11.20042,2019-12-09T06:00:00.000Z
43.87648,11.10524,2019-12-09T13:00:00.000Z
43.81669,11.14563,2019-12-09T10:00:00.000Z
43.89535,11.18171,2019-12-09T09:00:00.000Z
43.87123,11.11763,2019-12-09T07:08:00.000Z
43.88356,11.08024,2019-12-09T09:00:00.000Z
43.8596,11.09342,2019-12-09T09:00:00.000Z
43.81346,11.0513,2019-12-09T06:00:00.000Z
43.82827,11.19023,2019-12-09T06:00:00.000Z
43.86683,11.16542,2019-12-09T09:00:00.000Z
43.86272,11.08504,2019-12-09T06:00:00.000Z
43.85684,11.12228,2019-12-09T06:00:00.000Z
43.86959,11.10076,2019-12-09T07:08:00.000Z
43.817,11.14823,2019-12-09T09:00:00.000Z
43.82121,11.13503,2019-12-09T09:00:00.000Z
43.81474,11.05299,2019-12-09T13:00:00.000Z
43.87989,11.05675,2019-12-09T06:00:00.000Z
43.83608,11.19517,2019-12-09T09:00:00.000Z
43.82264,11.1329,2019-12-09T09:00:00.000Z
43.83603,11.18356,2019-12-09T09:00:00.000Z
43.86845,11.0672,2019-12-09T09:00:00.000Z
43.83468,11.18811,2019-12-09T09:00:00.000Z
43.8413,11.20403,2019-12-09T13:00:00.000Z
43.81145,11.05271,2019-12-09T06:00:00.000Z
43.82564,11.19806,2019-12-09T09:00:00.000Z
43.86672,11.09289,2019-12-09T06:00:00.000Z
43.90595,11.10711,2019-12-09T09:00:00.000Z
43.82326,11.12254,2019-12-09T06:00:00.000Z
43.81706,11.13832,2019-12-09T09:00:00.000Z
43.84295,11.1146,2019-12-09T09:00:00.000Z
43.86926,11.10075,2019-12-09T13:00:00.000Z
43.88242,11.1089,2019-12-09T06:00:00.000Z
43.83655,11.19539,2019-12-09T06:00:00.000Z
43.87667,11.09717,2019-12-09T08:00:00.000Z
43.8645,11.07984,2019-12-09T06:00:00.000Z
43.88636,11.09031,2019-12-09T06:00:00.000Z
43.86769,11.1006,2019-12-09T06:00:00.000Z
43.84623,11.04829,2019-12-09T10:00:00.000Z
43.9054,11.09743,2019-12-09T09:00:00.000Z
43.8714,11.12037,2019-12-09T13:00:00.000Z
43.90748,11.11351,2019-12-09T09:00:00.000Z
43.83377,11.18416,2019-12-09T09:00:00.000Z
43.88601,11.07499,2019-12-09T09:00:00.000Z
43.87016,11.1025,2019-12-09T09:00:00.000Z
43.84269,11.16267,2019-12-09T06:00:00.000Z
43.84731,11.18114,2019-12-09T13:00:00.000Z
43.84238,11.19673,2019-12-09T13:00:00.000Z
43.87984,11.03972,2019-12-09T06:00:00.000Z
43.83532,11.18638,2019-12-09T09:00:00.000Z
43.85754,11.15294,2019-12-09T09:00:00.000Z
43.8552,11.15953,2019-12-09T09:00:00.000Z
43.88514,11.06679,2019-12-09T09:00:00.000Z
43.80592,11.13801,2019-12-09T13:00:00.000Z
43.84704,11.09318,2019-12-09T13:00:00.000Z
43.88671,11.1,2019-12-09T10:00:00.000Z
43.87429,11.09186,2019-12-09T09:00:00.000Z
43.8407,11.20627,2019-12-09T00:15:00.000Z
43.83595,11.19552,2019-12-09T10:00:00.000Z
43.8893,11.07259,2019-12-09T08:00:00.000Z
43.8627,11.08477,2019-12-09T09:00:00.000Z
43.86243,11.16475,2019-12-09T06:00:00.000Z
43.88253,11.08753,2019-12-09T13:00:00.000Z
43.84957,11.09149,2019-12-09T08:00:00.000Z
43.85727,11.08044,2019-12-09T06:00:00.000Z
43.83751,11.1833,2019-12-09T09:00:00.000Z
43.85153,11.16207,2019-12-09T13:00:00.000Z
43.87318,11.07058,2019-12-09T06:00:00.000Z
43.89894,11.18851,2019-12-09T13:00:00.000Z
43.81905,11.14742,2019-12-09T10:00:00.000Z
43.84544,11.15594,2019-12-09T06:00:00.000Z
43.8732,11.1145,2019-12-09T13:00:00.000Z
43.84417,11.18991,2019-12-09T13:00:00.000Z
43.83206,11.1972,2019-12-09T08:47:00.000Z
43.8658,11.11388,2019-12-09T09:00:00.000Z
43.82002,11.14185,2019-12-09T06:00:00.000Z
43.87635,11.09606,2019-12-09T09:00:00.000Z
43.86019,11.13493,2019-12-09T06:00:00.000Z
43.85494,11.06824,2019-12-09T09:00:00.000Z
43.84369,11.18952,2019-12-09T13:00:00.000Z
43.88297,11.10459,2019-12-09T06:00:00.000Z
43.87521,11.09401,2019-12-09T08:00:00.000Z
43.81518,11.1385,2019-12-09T13:00:00.000Z
43.8736,11.08939,2019-12-09T06:00:00.000Z
43.86708,11.11093,2019-12-09T06:00:00.000Z
43.84007,11.18138,2019-12-09T13:00:00.000Z
43.90256,11.02758,2019-12-09T09:00:00.000Z
43.81603,11.05709,2019-12-09T06:00:00.000Z
43.86251,11.13602,2019-12-09T09:00:00.000Z
43.86995,11.11441,2019-12-09T13:00:00.000Z
43.83775,11.12981,2019-12-09T13:00:00.000Z
43.92784,11.03628,2019-12-09T13:00:00.000Z
43.82562,11.20477,2019-12-09T09:00:00.000Z
43.87748,11.10362,2019-12-09T06:00:00.000Z
43.90683,11.11581,2019-12-09T09:00:00.000Z
43.82999,11.23601,2019-12-09T06:00:00.000Z
43.84091,11.18775,2019-12-09T13:00:00.000Z
43.88294,11.11249,2019-12-09T06:00:00.000Z
43.84288,11.11476,2019-12-09T13:00:00.000Z
43.88837,11.04141,2019-12-09T09:00:00.000Z
43.85791,11.1162,2019-12-09T09:00:00.000Z
43.87461,11.0388,2019-12-09T09:00:00.000Z
43.90984,11.06251,2019-12-09T09:00:00.000Z
43.80731,11.13855,2019-12-09T09:00:00.000Z
43.82578,11.12971,2019-12-09T09:00:00.000Z
43.85579,11.07038,2019-12-09T09:00:00.000Z
43.87549,11.08514,2019-12-09T06:00:00.000Z
43.86152,11.13444,2019-12-09T09:00:00.000Z
43.8693,11.04186,2019-12-09T09:00:00.000Z
43.83911,11.21165,2019-12-09T13:00:00.000Z
43.84796,11.06312,2019-12-09T06:00:00.000Z
43.86041,11.16109,2019-12-09T09:00:00.000Z
43.89448,11.07791,2019-12-09T09:00:00.000Z
43.85142,11.1756,2019-12-09T09:00:00.000Z
43.8138,11.05741,2019-12-09T10:00:00.000Z
43.84652,11.09367,2019-12-09T09:00:00.000Z
43.85831,11.14599,2019-12-09T09:00:00.000Z
43.80824,11.04686,2019-12-09T06:00:00.000Z
43.88097,11.10374,2019-12-09T06:00:00.000Z
43.89574,11.09818,2019-12-09T06:00:00.000Z
43.84112,11.20643,2019-12-09T09:00:00.000Z
43.80873,11.17316,2019-12-09T06:00:00.000Z
43.92562,11.03621,2019-12-09T06:00:00.000Z
43.92705,11.03726,2019-12-09T09:00:00.000Z
43.86268,11.08482,2019-12-09T06:00:00.000Z
43.8293,11.13785,2019-12-09T10:00:00.000Z
43.88039,11.09601,2019-12-09T06:00:00.000Z
43.8774,11.10778,2019-12-09T13:00:00.000Z
43.86893,11.09569,2019-12-09T06:00:00.000Z
43.87799,11.05963,2019-12-09T13:00:00.000Z
43.87261,11.11193,2019-12-09T09:00:00.000Z
43.89548,11.09794,2019-12-09T09:00:00.000Z
43.89537,11.08398,2019-12-09T10:00:00.000Z
43.84289,11.11479,2019-12-09T06:00:00.000Z
43.90252,11.03644,2019-12-09T07:08:00.000Z
43.84284,11.1148,2019-12-09T09:00:00.000Z
43.87197,11.09421,2019-12-09T10:00:00.000Z
43.93868,11.21596,2019-12-09T13:00:00.000Z
43.88693,11.19193,2019-12-09T13:00:00.000Z
43.88037,11.09588,2019-12-09T07:08:00.000Z
43.90652,11.08677,2019-12-09T06:00:00.000Z
43.81674,11.13474,2019-12-09T13:00:00.000Z
43.84634,11.11167,2019-12-09T06:00:00.000Z
43.83844,11.18184,2019-12-09T13:00:00.000Z
43.89783,11.08585,2019-12-09T09:00:00.000Z
43.84032,11.18396,2019-12-09T13:00:00.000Z
43.8569,11.14564,2019-12-09T09:00:00.000Z
43.86267,11.08503,2019-12-09T05:07:00.000Z
43.84142,11.19943,2019-12-09T09:00:00.000Z
43.86356,11.11054,2019-12-09T06:00:00.000Z
43.82896,11.20288,2019-12-09T09:00:00.000Z
43.85596,11.08419,2019-12-09T09:00:00.000Z
43.8783,11.03483,2019-12-09T09:00:00.000Z
43.9026,11.07029,2019-12-09T09:00:00.000Z
43.80309,11.13259,2019-12-09T09:00:00.000Z
43.86426,11.16869,2019-12-09T06:00:00.000Z
43.92331,11.09093,2019-12-09T09:00:00.000Z
43.92751,11.0351,2019-12-09T09:00:00.000Z
43.82098,11.13767,2019-12-09T09:00:00.000Z
43.80776,11.10224,2019-12-09T06:00:00.000Z
43.81562,11.14251,2019-12-09T13:00:00.000Z
43.89119,11.10782,2019-12-09T09:00:00.000Z
43.87032,11.09822,2019-12-09T09:00:00.000Z
43.82054,11.17288,2019-12-09T06:00:00.000Z
43.86561,11.1116,2019-12-09T06:00:00.000Z
43.86156,11.11675,2019-12-09T10:00:00.000Z
43.8379,11.21314,2019-12-09T13:00:00.000Z
43.84232,11.19936,2019-12-09T09:00:00.000Z
43.86049,11.15613,2019-12-09T13:00:00.000Z
43.8541,11.15934,2019-12-09T09:00:00.000Z
43.8043,11.17974,2019-12-09T09:00:00.000Z
43.87062,11.05391,2019-12-09T06:00:00.000Z
43.85477,11.15969,2019-12-09T09:00:00.000Z
43.8782,11.11545,2019-12-09T06:00:00.000Z
43.83319,11.2084,2019-12-09T09:00:00.000Z
43.85835,11.16247,2019-12-09T09:00:00.000Z
43.87713,11.10035,2019-12-09T13:00:00.000Z
43.88411,11.09738,2019-12-09T10:00:00.000Z
43.87749,11.10566,2019-12-09T06:00:00.000Z
43.88192,11.10284,2019-12-09T09:00:00.000Z
43.88452,11.10287,2019-12-09T10:00:00.000Z
43.89274,11.08335,2019-12-09T06:00:00.000Z
43.91209,11.06236,2019-12-09T06:00:00.000Z
43.86636,11.10452,2019-12-09T05:39:00.000Z
43.87288,11.10133,2019-12-09T13:00:00.000Z
43.85974,11.16562,2019-12-09T09:00:00.000Z
43.85678,11.15154,2019-12-09T13:00:00.000Z
43.85199,11.16346,2019-12-09T09:00:00.000Z
43.83852,11.21275,2019-12-09T13:00:00.000Z
43.90439,11.09579,2019-12-09T06:00:00.000Z
43.87072,11.11446,2019-12-09T13:00:00.000Z
43.92489,11.03557,2019-12-09T09:00:00.000Z
43.86957,11.09283,2019-12-09T08:00:00.000Z
43.85917,11.08337,2019-12-09T06:00:00.000Z
43.85748,11.16333,2019-12-09T09:00:00.000Z
43.8893,11.0524,2019-12-09T09:00:00.000Z
43.8565,11.15373,2019-12-09T09:00:00.000Z
43.86677,11.10923,2019-12-09T06:00:00.000Z
43.89148,11.0859,2019-12-09T10:00:00.000Z
43.82146,11.13638,2019-12-09T09:00:00.000Z
43.86277,11.11346,2019-12-09T10:00:00.000Z
43.9148,11.2241,2019-12-09T13:00:00.000Z
43.85704,11.11828,2019-12-09T13:00:00.000Z
43.8484,11.18332,2019-12-09T09:00:00.000Z
43.84265,11.11541,2019-12-09T06:00:00.000Z
43.82225,11.20359,2019-12-09T13:00:00.000Z
43.91753,11.09462,2019-12-09T06:00:00.000Z
43.93112,11.02891,2019-12-09T06:00:00.000Z
43.87958,11.1067,2019-12-09T09:00:00.000Z
43.89931,11.10896,2019-12-09T09:00:00.000Z
43.90441,11.10923,2019-12-09T06:00:00.000Z
43.81107,11.05236,2019-12-09T06:00:00.000Z
43.87053,11.11167,2019-12-09T06:00:00.000Z
43.80975,11.1358,2019-12-09T06:00:00.000Z
43.83619,11.18175,2019-12-09T09:00:00.000Z
43.82487,11.19933,2019-12-09T13:00:00.000Z
43.86954,11.11439,2019-12-09T09:00:00.000Z
43.84262,11.19702,2019-12-09T13:00:00.000Z
43.83361,11.19561,2019-12-09T07:08:00.000Z
43.85305,11.0763,2019-12-09T06:00:00.000Z
43.87003,11.0957,2019-12-09T11:38:12.000Z
43.85593,11.15267,2019-12-09T09:00:00.000Z
43.8153,11.04123,2019-12-09T06:00:00.000Z
43.89973,11.10361,2019-12-09T10:00:00.000Z
43.81271,11.17193,2019-12-09T10:00:00.000Z
43.91555,11.03012,2019-12-09T06:00:00.000Z
43.90581,11.11121,2019-12-09T10:00:00.000Z
43.85327,11.06924,2019-12-09T09:00:00.000Z
43.89277,11.18054,2019-12-09T09:00:00.000Z
43.84158,11.19589,2019-12-09T09:00:00.000Z
43.83595,11.17789,2019-12-09T06:00:00.000Z
43.86388,11.17033,2019-12-09T09:00:00.000Z
43.8811,11.11057,2019-12-09T09:00:00.000Z
43.90844,11.06512,2019-12-09T06:00:00.000Z
43.81373,11.05856,2019-12-09T06:00:00.000Z
43.81898,11.13466,2019-12-09T06:00:00.000Z
43.84365,11.1858,2019-12-09T09:00:00.000Z
43.85493,11.06816,2019-12-09T06:00:00.000Z
43.86927,11.09652,2019-12-09T09:00:00.000Z
43.86264,11.0929,2019-12-09T06:00:00.000Z
43.83116,11.19945,2019-12-09T07:08:00.000Z
43.86642,11.10456,2019-12-09T06:00:00.000Z
43.88144,11.10319,2019-12-09T08:00:00.000Z
43.89732,11.18415,2019-12-09T09:00:00.000Z
43.8697,11.12348,2019-12-09T06:00:00.000Z
43.86437,11.11681,2019-12-09T10:00:00.000Z
43.80682,11.11458,2019-12-09T09:00:00.000Z
43.81148,11.05756,2019-12-09T06:00:00.000Z
43.82177,11.20499,2019-12-09T13:00:00.000Z
43.87056,11.11468,2019-12-09T06:00:00.000Z
43.86303,11.11361,2019-12-09T09:00:00.000Z
43.90257,11.02734,2019-12-09T06:00:00.000Z
43.83833,11.09398,2019-12-09T05:39:00.000Z
43.8784,11.07155,2019-12-09T16:04:49.000Z
43.85141,11.17568,2019-12-09T09:00:00.000Z
43.88176,11.10494,2019-12-09T06:00:00.000Z
43.87418,11.03982,2019-12-09T09:00:00.000Z
43.84976,11.12169,2019-12-09T09:00:00.000Z
43.88724,11.06995,2019-12-09T09:00:00.000Z
43.84462,11.1271,2019-12-09T06:00:00.000Z
43.84228,11.19785,2019-12-09T06:00:00.000Z
43.86168,11.13706,2019-12-09T14:00:00.000Z
43.88292,11.10466,2019-12-09T06:00:00.000Z
43.8388,11.11025,2019-12-09T09:00:00.000Z
43.86602,11.07893,2019-12-09T13:00:00.000Z
43.87766,11.10813,2019-12-09T05:39:00.000Z
43.85882,11.04905,2019-12-09T10:00:00.000Z
43.78482,11.09752,2019-12-09T06:00:00.000Z
43.86843,11.10089,2019-12-09T06:00:00.000Z
43.86338,11.06651,2019-12-09T06:00:00.000Z
43.8637,11.08196,2019-12-09T13:00:00.000Z
43.86437,11.17772,2019-12-09T09:00:00.000Z
43.86961,11.09685,2019-12-09T09:00:00.000Z
43.83773,11.13118,2019-12-09T09:00:00.000Z
43.87776,11.11209,2019-12-09T09:00:00.000Z
43.80314,11.18437,2019-12-09T13:00:00.000Z
43.83303,11.20859,2019-12-09T06:00:00.000Z
43.83172,11.19825,2019-12-09T08:00:00.000Z
43.82254,11.19763,2019-12-09T06:00:00.000Z
43.88021,11.09579,2019-12-09T09:00:00.000Z
43.87618,11.09334,2019-12-09T13:00:00.000Z
43.85378,11.16793,2019-12-09T09:00:00.000Z
43.88762,11.08479,2019-12-09T06:00:00.000Z
43.81567,11.05696,2019-12-09T06:00:00.000Z
43.88041,11.09599,2019-12-09T06:00:00.000Z
43.86544,11.09429,2019-12-09T13:00:00.000Z
43.89325,11.08042,2019-12-09T08:00:00.000Z
43.8353,11.17906,2019-12-09T08:00:00.000Z
43.88734,11.05929,2019-12-09T06:00:00.000Z
43.89324,11.08193,2019-12-09T06:00:00.000Z
43.8849,11.07705,2019-12-09T08:00:00.000Z
43.89681,11.18343,2019-12-09T13:00:00.000Z
43.84147,11.17115,2019-12-09T09:00:00.000Z
43.92591,11.03116,2019-12-09T09:00:00.000Z
43.85969,11.09334,2019-12-09T13:00:00.000Z
43.89862,11.05795,2019-12-09T06:00:00.000Z
43.86452,11.08267,2019-12-09T06:00:00.000Z
43.8268,11.12177,2019-12-09T09:00:00.000Z
43.84351,11.07267,2019-12-09T09:00:00.000Z
43.86272,11.08475,2019-12-09T09:00:00.000Z
43.87813,11.1013,2019-12-09T09:00:00.000Z
43.88112,11.06676,2019-12-09T10:00:00.000Z
43.92029,11.03269,2019-12-09T10:00:00.000Z
43.84275,11.11241,2019-12-09T06:00:00.000Z
43.88883,11.08868,2019-12-09T10:00:00.000Z
43.84264,11.16848,2019-12-09T09:00:00.000Z
43.84721,11.17493,2019-12-09T09:00:00.000Z
43.86758,11.10047,2019-12-09T06:00:00.000Z
43.81697,11.04634,2019-12-09T10:01:00.000Z
43.84328,11.1871,2019-12-09T13:00:00.000Z
43.85607,11.07076,2019-12-09T13:00:00.000Z
43.84444,11.19575,2019-12-09T09:00:00.000Z
43.87816,11.11578,2019-12-09T06:00:00.000Z
43.81846,11.1426,2019-12-09T06:00:00.000Z
43.87896,11.11557,2019-12-09T08:00:00.000Z
43.86766,11.1006,2019-12-09T09:00:00.000Z
43.86954,11.10202,2019-12-09T09:00:00.000Z
43.82638,11.06861,2019-12-09T06:00:00.000Z
43.88049,11.08833,2019-12-09T06:00:00.000Z
43.84629,11.14352,2019-12-09T06:00:00.000Z
43.84737,11.15325,2019-12-09T13:00:00.000Z
43.83616,11.20306,2019-12-09T09:00:00.000Z
43.8337,11.2003,2019-12-09T09:00:00.000Z
43.8861,11.06907,2019-12-09T06:00:00.000Z
43.91365,11.22364,2019-12-09T08:00:00.000Z
43.84402,11.07201,2019-12-09T06:00:00.000Z
43.8769,11.10485,2019-12-09T13:00:00.000Z
43.84516,11.17488,2019-12-09T06:00:00.000Z
43.80733,11.10648,2019-12-09T13:00:00.000Z
43.85948,11.14035,2019-12-09T09:00:00.000Z
43.90272,11.11138,2019-12-09T06:00:00.000Z
43.86017,11.10946,2019-12-09T13:00:00.000Z
43.89989,11.09444,2019-12-09T09:00:00.000Z
43.83616,11.18015,2019-12-09T09:00:00.000Z
43.8173,11.04828,2019-12-09T06:00:00.000Z
43.85101,11.18147,2019-12-09T06:00:00.000Z
43.86094,11.11624,2019-12-09T09:00:00.000Z
43.8489,11.09752,2019-12-09T07:08:00.000Z
43.8161,11.04895,2019-12-09T06:00:00.000Z
43.82504,11.12445,2019-12-09T09:00:00.000Z
43.84187,11.20485,2019-12-09T06:00:00.000Z
43.83735,11.21157,2019-12-09T13:00:00.000Z
43.83604,11.18013,2019-12-09T09:00:00.000Z
43.80775,11.10223,2019-12-09T06:00:00.000Z
43.83175,11.20131,2019-12-09T10:00:00.000Z
43.83744,11.17617,2019-12-09T08:00:00.000Z
43.87463,11.11635,2019-12-09T13:00:00.000Z
43.90801,11.09146,2019-12-09T13:00:00.000Z
43.82344,11.20303,2019-12-09T06:00:00.000Z
43.89851,11.09746,2019-12-09T06:00:00.000Z
43.83804,11.13213,2019-12-09T13:00:00.000Z
43.88041,11.09596,2019-12-09T08:00:00.000Z
43.80697,11.11327,2019-12-09T13:00:00.000Z
43.88415,11.07346,2019-12-09T09:00:00.000Z
43.86261,11.09013,2019-12-09T06:00:00.000Z
43.88383,11.1041,2019-12-09T09:00:00.000Z
43.8699,11.11202,2019-12-09T07:08:00.000Z
43.88103,11.10733,2019-12-09T06:00:00.000Z
43.89296,11.07842,2019-12-09T06:00:00.000Z
43.86171,11.12334,2019-12-09T09:00:00.000Z
43.89085,11.10896,2019-12-09T09:00:00.000Z
43.8745,11.11083,2019-12-09T08:00:00.000Z
43.84267,11.1885,2019-12-09T09:00:00.000Z
43.85731,11.15927,2019-12-09T09:00:00.000Z
43.869,11.06267,2019-12-09T09:00:00.000Z
43.85216,11.07708,2019-12-09T13:00:00.000Z
43.82588,11.13962,2019-12-09T08:00:00.000Z
43.9159,11.03059,2019-12-09T09:00:00.000Z
43.81732,11.04929,2019-12-09T06:00:00.000Z
43.91717,11.19773,2019-12-09T09:00:00.000Z
43.80776,11.10222,2019-12-09T09:00:00.000Z
43.8915,11.08092,2019-12-09T09:00:00.000Z
43.91511,11.05686,2019-12-09T06:00:00.000Z
43.81631,11.14351,2019-12-09T13:00:00.000Z
43.86948,11.06363,2019-12-09T09:00:00.000Z
43.87246,11.0987,2019-12-09T10:00:00.000Z
43.89016,11.09582,2019-12-09T10:00:00.000Z
43.81778,11.04941,2019-12-09T06:00:00.000Z
43.92828,11.03348,2019-12-09T09:00:00.000Z
43.85157,11.18667,2019-12-09T09:00:00.000Z
43.8796,11.05724,2019-12-09T06:00:00.000Z
43.89193,11.11455,2019-12-09T09:00:00.000Z
43.86372,11.08453,2019-12-09T06:00:00.000Z
43.87978,11.09737,2019-12-09T10:00:00.000Z
43.83385,11.18522,2019-12-09T13:00:00.000Z
43.8374,11.18341,2019-12-09T09:00:00.000Z
43.85958,11.13608,2019-12-09T09:00:00.000Z
43.90826,11.08429,2019-12-09T06:00:00.000Z
43.90763,11.08514,2019-12-09T06:00:00.000Z
43.8167,11.04573,2019-12-09T06:00:00.000Z
43.80579,11.11874,2019-12-09T13:00:00.000Z
43.87222,11.03706,2019-12-09T09:00:00.000Z
43.80697,11.11119,2019-12-09T13:00:00.000Z
43.84309,11.19073,2019-12-09T13:00:00.000Z
43.85099,11.10255,2019-12-09T09:00:00.000Z
43.85675,11.08373,2019-12-09T08:00:00.000Z
43.8096,11.16983,2019-12-09T13:00:00.000Z
43.85872,11.16304,2019-12-09T06:00:00.000Z
43.88813,11.07948,2019-12-09T06:00:00.000Z
43.84276,11.11459,2019-12-09T09:00:00.000Z
43.87273,11.08019,2019-12-09T06:00:00.000Z
43.85602,11.08437,2019-12-09T06:00:00.000Z
43.80535,11.17818,2019-12-09T07:08:00.000Z
43.84686,11.11148,2019-12-09T13:00:00.000Z
43.83359,11.18422,2019-12-09T10:00:00.000Z
43.90823,11.04246,2019-12-09T06:00:00.000Z
43.84595,11.1775,2019-12-09T09:00:00.000Z
43.83875,11.20443,2019-12-09T09:00:00.000Z
43.86817,11.09562,2019-12-09T09:00:00.000Z
43.85114,11.10264,2019-12-09T09:00:00.000Z
43.82277,11.14421,2019-12-09T13:00:00.000Z
43.87057,11.05379,2019-12-09T06:00:00.000Z
43.86628,11.11198,2019-12-09T08:00:00.000Z
43.82167,11.21156,2019-12-09T09:00:00.000Z
43.86409,11.08408,2019-12-09T09:00:00.000Z
43.86783,11.11363,2019-12-09T07:08:00.000Z
43.83858,11.18519,2019-12-09T09:00:00.000Z
43.86567,11.15511,2019-12-09T09:00:00.000Z
43.9025,11.02776,2019-12-09T06:00:00.000Z
43.882,11.10722,2019-12-09T09:00:00.000Z
43.84954,11.11094,2019-12-09T10:00:00.000Z
43.8315,11.2033,2019-12-09T09:00:00.000Z
43.88761,11.07597,2019-12-09T06:00:00.000Z
43.83848,11.20883,2019-12-09T13:00:00.000Z
43.89553,11.09794,2019-12-09T06:00:00.000Z
43.80702,11.13878,2019-12-09T06:00:00.000Z
43.90948,10.9996,2019-12-09T10:00:00.000Z
43.84874,11.19015,2019-12-09T09:00:00.000Z
43.89581,11.06639,2019-12-09T09:00:00.000Z
43.87516,11.1113,2019-12-09T09:00:00.000Z
43.89157,11.08091,2019-12-09T09:00:00.000Z
43.8599,11.1662,2019-12-09T13:00:00.000Z
43.88347,11.08797,2019-12-09T13:00:00.000Z
43.80883,11.17702,2019-12-09T08:57:00.000Z
43.85556,11.15956,2019-12-09T09:00:00.000Z
43.85759,11.16119,2019-12-09T09:00:00.000Z
43.83216,11.20758,2019-12-09T08:00:00.000Z
43.88979,11.08792,2019-12-09T10:00:00.000Z
43.84546,11.16105,2019-12-09T13:00:00.000Z
43.82624,11.1263,2019-12-09T09:00:00.000Z
43.86146,11.08044,2019-12-09T06:00:00.000Z
43.90727,11.11453,2019-12-09T06:00:00.000Z
43.91532,11.06013,2019-12-09T09:00:00.000Z
43.85091,11.10256,2019-12-09T09:00:00.000Z
43.89376,11.05509,2019-12-09T09:00:00.000Z
43.9139,11.06198,2019-12-09T09:00:00.000Z
43.84177,11.19093,2019-12-09T09:00:00.000Z
43.92525,11.03696,2019-12-09T06:00:00.000Z
43.85331,11.1007,2019-12-09T06:00:00.000Z
43.84165,11.11056,2019-12-09T09:00:00.000Z
43.89417,11.08154,2019-12-09T07:08:00.000Z
43.86354,11.06251,2019-12-09T08:00:00.000Z
43.85899,11.16052,2019-12-09T09:00:00.000Z
43.84914,11.08949,2019-12-09T06:00:00.000Z
43.82542,11.19949,2019-12-09T13:00:00.000Z
43.82655,11.20315,2019-12-09T09:00:00.000Z
43.82219,11.21289,2019-12-09T13:00:00.000Z
43.84289,11.1148,2019-12-09T07:08:00.000Z
43.87442,11.04492,2019-12-09T06:00:00.000Z
43.87647,11.10378,2019-12-09T06:00:00.000Z
43.86755,11.10481,2019-12-09T06:00:00.000Z
43.91241,11.09455,2019-12-09T09:00:00.000Z
43.85506,11.08585,2019-12-09T10:06:22.407Z
43.91544,11.03529,2019-12-09T09:00:00.000Z
43.83887,11.20553,2019-12-09T13:00:00.000Z
43.84404,11.17996,2019-12-09T09:00:00.000Z
43.88295,11.10466,2019-12-09T09:00:00.000Z
43.88766,11.10879,2019-12-09T08:00:00.000Z
43.81713,11.04914,2019-12-09T06:00:00.000Z
43.87547,11.04117,2019-12-09T06:00:00.000Z
43.84556,11.18573,2019-12-09T09:00:00.000Z
43.83545,11.18092,2019-12-09T13:00:00.000Z
43.84676,11.11996,2019-12-09T09:00:00.000Z
43.87646,11.05652,2019-12-09T13:00:00.000Z
43.88938,11.10774,2019-12-09T09:00:00.000Z
43.81879,11.2061,2019-12-09T13:00:00.000Z
43.88584,11.07044,2019-12-09T09:00:00.000Z
43.86549,11.09681,2019-12-09T06:00:00.000Z
43.83179,11.20829,2019-12-09T09:00:00.000Z
43.80808,11.04747,2019-12-09T09:00:00.000Z
43.87016,11.09742,2019-12-09T06:00:00.000Z
43.82948,11.19589,2019-12-09T06:00:00.000Z
43.87051,11.11403,2019-12-09T06:00:00.000Z
43.82185,11.20641,2019-12-09T13:00:00.000Z
43.81496,11.13934,2019-12-09T09:00:00.000Z
43.91034,11.04909,2019-12-09T06:00:00.000Z
43.86463,11.11177,2019-12-09T11:38:12.000Z
43.86386,11.14176,2019-12-09T08:48:00.000Z
43.91878,11.05612,2019-12-09T10:00:00.000Z
43.80194,11.14882,2019-12-09T09:00:00.000Z
43.90388,11.07407,2019-12-09T06:00:00.000Z
43.86744,11.11285,2019-12-09T09:00:00.000Z
43.84921,11.16999,2019-12-09T06:00:00.000Z
43.79885,11.14097,2019-12-09T13:00:00.000Z
43.87272,11.10159,2019-12-09T06:00:00.000Z
43.86419,11.1191,2019-12-09T06:00:00.000Z
43.83633,11.17694,2019-12-09T06:00:00.000Z
43.82542,11.20029,2019-12-09T13:00:00.000Z
43.84264,11.2021,2019-12-09T13:00:00.000Z
43.81958,11.13577,2019-12-09T06:00:00.000Z
43.90002,11.09431,2019-12-09T06:00:00.000Z
43.8744,11.04488,2019-12-09T06:00:00.000Z
43.88049,11.04896,2019-12-09T09:00:00.000Z
43.80355,11.13703,2019-12-09T09:00:00.000Z
43.88591,11.07295,2019-12-09T06:00:00.000Z
43.81569,11.05694,2019-12-09T13:00:00.000Z
43.84485,11.08873,2019-12-09T09:00:00.000Z
43.86363,11.07838,2019-12-09T13:00:00.000Z
43.85135,11.0756,2019-12-09T06:00:00.000Z
43.87625,11.0954,2019-12-09T09:00:00.000Z
43.83856,11.19398,2019-12-09T06:00:00.000Z
43.85543,11.15722,2019-12-09T09:00:00.000Z
43.83939,11.20802,2019-12-09T13:00:00.000Z
43.86542,11.16584,2019-12-09T09:00:00.000Z
43.85745,11.12201,2019-12-09T06:00:00.000Z
43.82343,11.13186,2019-12-09T06:00:00.000Z
43.87519,11.10144,2019-12-09T06:00:00.000Z
43.87341,11.04136,2019-12-09T09:00:00.000Z
43.83365,11.20105,2019-12-09T09:00:00.000Z
43.8292,11.13047,2019-12-09T09:00:00.000Z
43.86288,11.09218,2019-12-09T06:00:00.000Z
43.80572,11.1799,2019-12-09T06:00:00.000Z
43.82166,11.13075,2019-12-09T06:00:00.000Z
43.84099,11.20757,2019-12-09T13:00:00.000Z
43.8251,11.13526,2019-12-09T09:00:00.000Z
43.87287,11.10955,2019-12-09T06:00:00.000Z
43.86702,11.12764,2019-12-09T01:52:00.000Z
43.8676,11.09518,2019-12-09T07:08:00.000Z
43.8633,11.06662,2019-12-09T06:00:00.000Z
43.87413,11.07815,2019-12-09T09:00:00.000Z
43.90076,11.0349,2019-12-09T06:00:00.000Z
43.84996,11.18429,2019-12-09T06:00:00.000Z
43.8176,11.04857,2019-12-09T09:00:00.000Z
43.8512,11.10261,2019-12-09T09:00:00.000Z
43.88466,11.07195,2019-12-09T14:44:00.000Z
43.86357,11.10999,2019-12-09T06:00:00.000Z
43.82478,11.19905,2019-12-09T09:00:00.000Z
43.92677,11.03688,2019-12-09T06:00:00.000Z
43.8454,11.01416,2019-12-09T09:00:00.000Z
43.8996,11.18822,2019-12-09T13:00:00.000Z
43.82619,11.20281,2019-12-09T13:00:00.000Z
43.86131,11.0919,2019-12-09T06:00:00.000Z
43.843,11.20271,2019-12-09T09:00:00.000Z
43.83352,11.20172,2019-12-09T09:00:00.000Z
43.89555,11.09788,2019-12-09T06:00:00.000Z
43.86306,11.17351,2019-12-09T09:00:00.000Z
43.8915,11.08091,2019-12-09T06:00:00.000Z
43.8706,11.11096,2019-12-09T06:00:00.000Z
43.89105,11.10655,2019-12-09T13:00:00.000Z
43.8644,11.09365,2019-12-09T08:00:00.000Z
43.84983,11.12159,2019-12-09T06:00:00.000Z
43.82148,11.13353,2019-12-09T09:00:00.000Z
43.84204,11.188,2019-12-09T13:00:00.000Z
43.82275,11.19704,2019-12-09T13:00:00.000Z
43.83635,11.18374,2019-12-09T09:00:00.000Z
43.84591,11.21056,2019-12-09T09:00:00.000Z
43.85843,11.11167,2019-12-09T10:00:00.000Z
43.84759,11.18402,2019-12-09T09:00:00.000Z
43.83907,11.19155,2019-12-09T06:00:00.000Z
43.84323,11.04469,2019-12-09T13:00:00.000Z
43.88216,11.07418,2019-12-09T06:00:00.000Z
43.88851,11.07461,2019-12-09T06:00:00.000Z
43.87027,11.11399,2019-12-09T13:00:00.000Z
43.88617,11.18363,2019-12-09T09:00:00.000Z
43.83672,11.18077,2019-12-09T09:00:00.000Z
43.8129,11.0524,2019-12-09T06:00:00.000Z
43.87079,11.09868,2019-12-09T06:00:00.000Z
43.87952,11.09607,2019-12-09T09:00:00.000Z
43.88039,11.09594,2019-12-09T09:00:00.000Z
43.81958,11.13269,2019-12-09T06:00:00.000Z
43.85595,11.15112,2019-12-09T13:00:00.000Z
43.84422,11.18144,2019-12-09T01:58:00.000Z
43.83693,11.18113,2019-12-09T09:00:00.000Z
43.81942,11.14528,2019-12-09T06:00:00.000Z
43.8243,11.19928,2019-12-09T13:00:00.000Z
43.8391,11.19164,2019-12-09T06:00:00.000Z
43.85833,11.16426,2019-12-09T09:00:00.000Z
43.84459,11.12701,2019-12-09T13:00:00.000Z
43.86724,11.10491,2019-12-09T13:00:00.000Z
43.88655,11.0545,2019-12-09T09:00:00.000Z
43.89094,11.08678,2019-12-09T06:00:00.000Z
43.83971,11.20806,2019-12-09T09:00:00.000Z
43.83994,11.20011,2019-12-09T09:00:00.000Z
43.88426,11.07653,2019-12-09T09:00:00.000Z
43.81096,11.18337,2019-12-09T11:51:02.000Z
43.82251,11.14641,2019-12-09T08:00:00.000Z
43.87381,11.07887,2019-12-09T09:00:00.000Z
43.85968,11.16793,2019-12-09T13:00:00.000Z
43.82176,11.13088,2019-12-09T09:00:00.000Z
43.85977,11.16136,2019-12-09T06:00:00.000Z
43.86411,11.11316,2019-12-09T13:00:00.000Z
43.87317,11.10824,2019-12-09T13:00:00.000Z
43.90449,11.10048,2019-12-09T10:00:00.000Z
43.83123,11.19012,2019-12-09T09:00:00.000Z
43.85681,11.16069,2019-12-09T09:00:00.000Z
43.8604,11.10996,2019-12-09T11:38:12.000Z
43.8581,11.15797,2019-12-09T13:00:00.000Z
43.84209,11.18543,2019-12-09T09:00:00.000Z
43.92531,11.03989,2019-12-09T09:00:00.000Z
43.88146,11.06961,2019-12-09T06:00:00.000Z
43.83035,11.20236,2019-12-09T09:00:00.000Z
43.8896,11.10722,2019-12-09T06:00:00.000Z
43.92613,11.0254,2019-12-09T06:00:00.000Z
43.88482,11.10867,2019-12-09T13:00:00.000Z
43.84686,11.12001,2019-12-09T13:00:00.000Z
43.86152,11.09135,2019-12-09T09:00:00.000Z
43.88202,11.10394,2019-12-09T09:00:00.000Z
43.8391,11.19161,2019-12-09T09:00:00.000Z
43.86851,11.10311,2019-12-09T09:00:00.000Z
43.82549,11.19881,2019-12-09T06:00:00.000Z
43.8372,11.1826,2019-12-09T13:00:00.000Z
43.89822,11.1012,2019-12-09T05:07:00.000Z
43.89822,11.09823,2019-12-09T10:00:00.000Z
43.9039,11.10937,2019-12-09T09:00:00.000Z
43.87749,11.09871,2019-12-09T09:00:00.000Z
43.85906,11.18321,2019-12-09T08:00:00.000Z
43.90257,11.02731,2019-12-09T08:00:00.000Z
43.82025,11.13635,2019-12-09T09:00:00.000Z
43.80756,11.11435,2019-12-09T09:00:00.000Z
43.82538,11.04323,2019-12-09T13:00:00.000Z
43.86893,11.11008,2019-12-09T13:00:00.000Z
43.87506,11.03889,2019-12-09T09:00:00.000Z
43.89906,11.19023,2019-12-09T06:00:00.000Z
43.85371,11.15976,2019-12-09T09:00:00.000Z
43.86023,11.14048,2019-12-09T09:00:00.000Z
43.88383,11.07989,2019-12-09T10:00:00.000Z
43.92654,11.03452,2019-12-09T13:00:00.000Z
43.81495,11.13949,2019-12-09T09:00:00.000Z
43.94458,11.2132,2019-12-09T06:00:00.000Z
43.88266,11.1811,2019-12-09T09:00:00.000Z
43.83673,11.21056,2019-12-09T13:00:00.000Z
43.86282,11.13753,2019-12-09T13:00:00.000Z
43.89389,11.10808,2019-12-09T09:00:00.000Z
43.87793,11.0986,2019-12-09T09:00:00.000Z
43.86843,11.12573,2019-12-09T06:00:00.000Z
43.85501,11.14997,2019-12-09T13:00:00.000Z
43.81634,11.05108,2019-12-09T13:00:00.000Z
43.8583,11.11792,2019-12-09T09:00:00.000Z
43.85505,11.15007,2019-12-09T08:00:00.000Z
43.84072,11.20299,2019-12-09T09:00:00.000Z
43.86339,11.16814,2019-12-09T06:00:00.000Z
43.89498,11.18538,2019-12-09T09:00:00.000Z
43.89555,11.18372,2019-12-09T06:00:00.000Z
43.83099,11.13183,2019-12-09T06:00:00.000Z
43.85477,11.15779,2019-12-09T10:00:00.000Z
43.83568,11.18507,2019-12-09T09:00:00.000Z
43.81094,11.16521,2019-12-09T09:00:00.000Z
43.86436,11.17763,2019-12-09T07:44:00.000Z
43.84024,11.2032,2019-12-09T09:00:00.000Z
43.84032,11.18802,2019-12-09T06:00:00.000Z
43.8353,11.18635,2019-12-09T09:00:00.000Z
43.91029,11.05367,2019-12-09T08:47:00.000Z
43.81544,11.13758,2019-12-09T13:00:00.000Z
43.84043,11.11445,2019-12-09T06:00:00.000Z
43.86059,11.11808,2019-12-09T06:00:00.000Z
43.88855,11.09707,2019-12-09T10:00:00.000Z
43.83019,11.19919,2019-12-09T13:00:00.000Z
43.83633,11.19545,2019-12-09T09:00:00.000Z
43.87342,11.10021,2019-12-09T06:00:00.000Z
43.80687,11.11496,2019-12-09T13:00:00.000Z
43.86316,11.13971,2019-12-09T09:00:00.000Z
43.86277,11.17447,2019-12-09T09:00:00.000Z
43.90045,11.04095,2019-12-09T09:00:00.000Z
43.8676,11.10065,2019-12-09T13:00:00.000Z
43.81157,11.06028,2019-12-09T06:00:00.000Z
43.91339,11.0946,2019-12-09T06:00:00.000Z
43.92723,11.03846,2019-12-09T09:00:00.000Z
43.8415,11.19712,2019-12-09T09:00:00.000Z
43.87087,11.09719,2019-12-09T06:00:00.000Z
43.86835,11.0677,2019-12-09T09:00:00.000Z
43.87679,11.09587,2019-12-09T13:00:00.000Z
43.8342,11.21488,2019-12-09T09:00:00.000Z
43.89304,11.09503,2019-12-09T06:00:00.000Z
43.85523,11.07815,2019-12-09T06:00:00.000Z
43.8825,11.11051,2019-12-09T13:00:00.000Z
43.86321,11.08108,2019-12-09T06:00:00.000Z
43.8629,11.10647,2019-12-09T13:00:00.000Z
43.87553,11.10283,2019-12-09T09:00:00.000Z
43.83662,11.19783,2019-12-09T09:00:00.000Z
43.87831,11.11548,2019-12-09T10:00:00.000Z
43.86274,11.08508,2019-12-09T09:00:00.000Z
43.84914,11.11631,2019-12-09T06:00:00.000Z
43.8829,11.10466,2019-12-09T06:00:00.000Z
43.82217,11.12982,2019-12-09T09:00:00.000Z
43.92527,11.02822,2019-12-09T09:00:00.000Z
43.85099,11.1813,2019-12-09T09:00:00.000Z
43.86301,11.11496,2019-12-09T06:00:00.000Z
43.83473,11.18669,2019-12-09T10:00:00.000Z
43.80952,11.18306,2019-12-09T13:00:00.000Z
43.89401,11.08302,2019-12-09T06:00:00.000Z
43.85503,11.17395,2019-12-09T13:00:00.000Z
43.86002,11.16318,2019-12-09T09:00:00.000Z
43.88047,11.09603,2019-12-09T06:00:00.000Z
43.8649,11.17053,2019-12-09T09:00:00.000Z
43.90369,11.09458,2019-12-09T10:00:00.000Z
43.83439,11.19866,2019-12-09T09:00:00.000Z
43.85892,11.10279,2019-12-09T09:00:00.000Z
43.83734,11.20817,2019-12-09T06:00:00.000Z
43.86084,11.16145,2019-12-09T13:00:00.000Z
43.87972,11.07058,2019-12-09T06:00:00.000Z
43.87126,11.08383,2019-12-09T09:00:00.000Z
43.8357,11.18013,2019-12-09T09:00:00.000Z
43.86614,11.16765,2019-12-09T09:00:00.000Z
43.894,11.08585,2019-12-09T09:00:00.000Z
43.87379,11.06932,2019-12-09T09:00:00.000Z
43.86571,11.10529,2019-12-09T09:00:00.000Z
43.89368,11.08122,2019-12-09T09:00:00.000Z
43.89898,11.09933,2019-12-09T09:00:00.000Z
43.83451,11.18331,2019-12-09T13:00:00.000Z
43.83554,11.19984,2019-12-09T09:00:00.000Z
43.85593,11.1622,2019-12-09T06:00:00.000Z
43.90735,11.09398,2019-12-09T09:00:00.000Z
43.81317,11.05828,2019-12-09T06:00:00.000Z
43.90569,11.09758,2019-12-09T13:00:00.000Z
43.89186,11.0769,2019-12-09T09:00:00.000Z
43.83501,11.19777,2019-12-09T10:00:00.000Z
43.86219,11.09295,2019-12-09T09:00:00.000Z
43.89368,11.18427,2019-12-09T09:00:00.000Z
43.94559,11.21415,2019-12-09T13:00:00.000Z
43.84299,11.18014,2019-12-09T09:00:00.000Z
43.82536,11.13145,2019-12-09T09:00:00.000Z
43.86093,11.17324,2019-12-09T09:00:00.000Z
43.85088,11.1536,2019-12-09T08:48:00.000Z
43.88914,11.08003,2019-12-09T09:00:00.000Z
43.888,11.05216,2019-12-09T09:00:00.000Z
43.85721,11.14658,2019-12-09T09:00:00.000Z
43.93087,11.02882,2019-12-09T06:00:00.000Z
43.86118,11.13741,2019-12-09T13:00:00.000Z
43.89411,11.07736,2019-12-09T09:00:00.000Z
43.87791,11.07941,2019-12-09T09:00:00.000Z
43.85511,11.07974,2019-12-09T10:00:00.000Z
43.87922,11.09439,2019-12-09T06:00:00.000Z
43.84662,11.11965,2019-12-09T06:00:00.000Z
43.93113,11.02879,2019-12-09T09:00:00.000Z
43.87835,11.07341,2019-12-09T09:00:00.000Z
43.86269,11.08478,2019-12-09T08:00:00.000Z
43.84202,11.20821,2019-12-09T09:00:00.000Z
43.8818,11.10397,2019-12-09T06:00:00.000Z
43.89652,11.18291,2019-12-09T13:00:00.000Z
43.84254,11.11244,2019-12-09T06:00:00.000Z
43.89804,11.05252,2019-12-09T10:00:00.000Z
43.87128,11.08304,2019-12-09T09:00:00.000Z
43.85843,11.148,2019-12-09T09:00:00.000Z
43.88019,11.17606,2019-12-09T09:00:00.000Z
43.83904,11.19162,2019-12-09T06:00:00.000Z
43.81708,11.04916,2019-12-09T06:00:00.000Z
43.8445,11.11052,2019-12-09T06:00:00.000Z
43.81763,11.05099,2019-12-09T06:00:00.000Z
43.83617,11.19163,2019-12-09T06:00:00.000Z
43.85894,11.16411,2019-12-09T09:00:00.000Z
43.93103,11.02891,2019-12-09T06:00:00.000Z
43.81342,11.05866,2019-12-09T06:00:00.000Z
43.8689,11.1129,2019-12-09T07:08:00.000Z
43.86742,11.11298,2019-12-09T13:00:00.000Z
43.86979,11.10435,2019-12-09T10:00:00.000Z
43.83777,11.21325,2019-12-09T13:00:00.000Z
43.87017,11.10251,2019-12-09T09:00:00.000Z
43.85968,11.16158,2019-12-09T13:00:00.000Z
43.82153,11.13661,2019-12-09T06:00:00.000Z
43.87447,11.10412,2019-12-09T13:00:00.000Z
43.89415,11.08302,2019-12-09T06:00:00.000Z
43.89488,11.1829,2019-12-09T13:00:00.000Z
43.84263,11.19609,2019-12-09T06:00:00.000Z
43.86279,11.08174,2019-12-09T09:00:00.000Z
43.85675,11.16112,2019-12-09T13:00:00.000Z
43.8317,11.20297,2019-12-09T06:00:00.000Z
43.82552,11.13468,2019-12-09T09:00:00.000Z
43.83712,11.20875,2019-12-09T13:00:00.000Z
43.84272,11.11461,2019-12-09T13:00:00.000Z
43.82278,11.21891,2019-12-09T09:00:00.000Z
43.80808,11.17979,2019-12-09T13:00:00.000Z
43.90088,11.07878,2019-12-09T06:00:00.000Z
43.80427,11.18194,2019-12-09T14:25:00.000Z
43.89483,11.08069,2019-12-09T09:00:00.000Z
43.83801,11.21014,2019-12-09T09:00:00.000Z
43.87535,11.0696,2019-12-09T06:00:00.000Z
43.85801,11.11361,2019-12-09T06:00:00.000Z
43.86347,11.12597,2019-12-09T07:08:00.000Z
43.88827,11.07555,2019-12-09T09:00:00.000Z
43.86473,11.0948,2019-12-09T09:00:00.000Z
43.89036,11.10659,2019-12-09T09:00:00.000Z
43.83585,11.19412,2019-12-09T13:00:00.000Z
43.8629,11.09208,2019-12-09T09:00:00.000Z
43.86271,11.08477,2019-12-09T09:00:00.000Z
43.8045,11.18351,2019-12-09T06:00:00.000Z
43.82256,11.12904,2019-12-09T09:00:00.000Z
43.89204,11.1026,2019-12-09T13:00:00.000Z
43.84221,11.11142,2019-12-09T09:00:00.000Z
43.82915,11.19625,2019-12-09T07:08:00.000Z
43.89908,11.08873,2019-12-09T06:00:00.000Z
43.85637,11.1509,2019-12-09T06:00:00.000Z
43.84232,11.18922,2019-12-09T13:00:00.000Z
43.85847,11.10176,2019-12-09T06:00:00.000Z
43.83067,11.12688,2019-12-09T10:00:00.000Z
43.83594,11.19551,2019-12-09T10:00:00.000Z
43.87538,11.10199,2019-12-09T06:00:00.000Z
43.80408,11.13271,2019-12-09T06:00:00.000Z
43.8627,11.08476,2019-12-09T06:00:00.000Z
43.91306,11.22178,2019-12-09T06:00:00.000Z
43.88753,11.07379,2019-12-09T10:00:00.000Z
43.89211,11.08799,2019-12-09T06:00:00.000Z
43.86738,11.10673,2019-12-09T13:00:00.000Z
43.86462,11.17234,2019-12-09T06:00:00.000Z
43.84401,11.11026,2019-12-09T07:08:00.000Z
43.83389,11.20399,2019-12-09T07:44:00.000Z
43.88319,11.18265,2019-12-09T13:00:00.000Z
43.92846,11.0326,2019-12-09T09:00:00.000Z
43.81644,11.13643,2019-12-09T13:00:00.000Z
43.8804,11.09594,2019-12-09T09:00:00.000Z
43.87767,11.10512,2019-12-09T06:00:00.000Z
43.84442,11.18946,2019-12-09T13:00:00.000Z
43.8206,11.1321,2019-12-09T00:00:00.000Z
43.86197,11.16615,2019-12-09T09:00:00.000Z
43.86935,11.11278,2019-12-09T10:00:00.000Z
43.81414,11.05613,2019-12-09T09:00:00.000Z
43.86298,11.09152,2019-12-09T06:00:00.000Z
43.86968,11.09064,2019-12-09T11:38:12.000Z
43.85288,11.10783,2019-12-09T06:00:00.000Z
43.8748,11.10647,2019-12-09T06:00:00.000Z
43.87626,11.10188,2019-12-09T06:00:00.000Z
43.83894,11.21003,2019-12-09T13:00:00.000Z
43.83049,11.1945,2019-12-09T09:00:00.000Z
43.95566,11.2136,2019-12-09T09:00:00.000Z
43.86805,11.10473,2019-12-09T13:00:00.000Z
43.87865,11.09505,2019-12-09T09:00:00.000Z
43.85603,11.15608,2019-12-09T09:00:00.000Z
43.83767,11.21095,2019-12-09T13:00:00.000Z
43.88,11.0742,2019-12-09T09:00:00.000Z
43.87616,11.0541,2019-12-09T13:00:00.000Z
43.9138,11.22383,2019-12-09T10:00:00.000Z
43.83883,11.17038,2019-12-09T04:42:00.000Z
43.87465,11.11123,2019-12-09T06:00:00.000Z
43.87041,11.09879,2019-12-09T06:00:00.000Z
43.90509,11.07477,2019-12-09T09:00:00.000Z
43.85987,11.09351,2019-12-09T13:00:00.000Z
43.83438,11.18811,2019-12-09T06:00:00.000Z
43.85288,11.13069,2019-12-09T06:00:00.000Z
43.82351,11.14509,2019-12-09T09:00:00.000Z
43.87929,11.05825,2019-12-09T10:00:00.000Z
43.90146,11.05431,2019-12-09T09:00:00.000Z
43.8355,11.17974,2019-12-09T09:00:00.000Z
43.84068,11.11477,2019-12-09T06:00:00.000Z
43.82686,11.20152,2019-12-09T13:00:00.000Z
43.84262,11.16206,2019-12-09T06:00:00.000Z
43.84731,11.18421,2019-12-09T06:00:00.000Z
43.82588,11.12974,2019-12-09T06:00:00.000Z
43.88053,11.09821,2019-12-09T13:00:00.000Z
43.84459,11.12699,2019-12-09T13:00:00.000Z
43.87001,11.08499,2019-12-09T09:00:00.000Z
43.87558,11.04224,2019-12-09T06:00:00.000Z
43.88392,11.1092,2019-12-09T13:00:00.000Z
43.91243,11.09328,2019-12-09T09:00:00.000Z
43.8479,11.1027,2019-12-09T06:00:00.000Z
43.82228,11.20392,2019-12-09T09:00:00.000Z
43.82345,11.13319,2019-12-09T09:00:00.000Z
43.85098,11.18136,2019-12-09T09:00:00.000Z
43.8626,11.108,2019-12-09T13:00:00.000Z
43.84216,11.1135,2019-12-09T06:00:00.000Z
43.84288,11.17809,2019-12-09T06:00:00.000Z
43.83323,11.20857,2019-12-09T09:00:00.000Z
43.83823,11.20139,2019-12-09T06:00:00.000Z
43.91258,11.03141,2019-12-09T09:00:00.000Z
43.91118,11.04096,2019-12-09T09:00:00.000Z
43.84167,11.06888,2019-12-09T09:00:00.000Z
43.90258,11.02747,2019-12-09T09:00:00.000Z
43.88828,11.10616,2019-12-09T10:00:00.000Z
43.86762,11.10058,2019-12-09T07:06:00.000Z
43.80774,11.10224,2019-12-09T09:00:00.000Z
43.87801,11.05956,2019-12-09T13:00:00.000Z
43.88691,11.10741,2019-12-09T09:00:00.000Z
43.89043,11.07694,2019-12-09T09:00:00.000Z
43.90596,11.10936,2019-12-09T13:00:00.000Z
43.86085,11.11831,2019-12-09T09:00:00.000Z
43.87588,11.10631,2019-12-09T07:08:00.000Z
43.90561,11.0363,2019-12-09T06:00:00.000Z
43.86428,11.16808,2019-12-09T09:00:00.000Z
43.90919,11.05527,2019-12-09T07:08:00.000Z
43.86245,11.16819,2019-12-09T09:00:00.000Z
43.88398,11.10306,2019-12-09T09:00:00.000Z
43.8594,11.0997,2019-12-09T06:00:00.000Z
43.92797,11.03199,2019-12-09T09:00:00.000Z
43.84356,11.07781,2019-12-09T09:00:00.000Z
43.87023,11.11167,2019-12-09T11:38:12.000Z
43.84418,11.18935,2019-12-09T06:00:00.000Z
43.86259,11.11838,2019-12-09T06:00:00.000Z
43.89167,11.0822,2019-12-09T09:00:00.000Z
43.88131,11.09784,2019-12-09T13:00:00.000Z
43.8401,11.18103,2019-12-09T10:00:00.000Z
43.85803,11.15779,2019-12-09T09:00:00.000Z
43.8809,11.15675,2019-12-09T09:00:00.000Z
43.83385,11.2041,2019-12-09T06:00:00.000Z
43.82543,11.13074,2019-12-09T06:00:00.000Z
43.87094,11.08495,2019-12-09T06:00:00.000Z
43.85925,11.10004,2019-12-09T13:00:00.000Z
43.88922,11.08002,2019-12-09T09:00:00.000Z
43.83643,11.17712,2019-12-09T08:57:00.000Z
43.83564,11.18661,2019-12-09T13:00:00.000Z
43.85666,11.15243,2019-12-09T09:00:00.000Z
43.85093,11.18151,2019-12-09T06:00:00.000Z
43.89008,11.07862,2019-12-09T06:00:00.000Z
43.81112,11.137,2019-12-09T06:00:00.000Z
43.84737,11.12339,2019-12-09T09:00:00.000Z
43.88865,11.0707,2019-12-09T08:00:00.000Z
43.89017,11.1074,2019-12-09T09:00:00.000Z
43.88953,11.10542,2019-12-09T09:00:00.000Z
43.86112,11.09212,2019-12-09T06:00:00.000Z
43.89038,11.06852,2019-12-09T06:00:00.000Z
43.86412,11.17076,2019-12-09T09:00:00.000Z
43.81514,11.04125,2019-12-09T06:00:00.000Z
43.91195,11.06523,2019-12-09T09:00:00.000Z
43.84091,11.04293,2019-12-09T10:00:00.000Z
43.90569,11.09751,2019-12-09T09:00:00.000Z
43.92366,11.04803,2019-12-09T08:00:00.000Z
43.8639,11.11157,2019-12-09T09:00:00.000Z
43.90846,11.10775,2019-12-09T09:00:00.000Z
43.86125,11.15143,2019-12-09T13:00:00.000Z
43.90027,11.09509,2019-12-09T06:00:00.000Z
43.86271,11.08474,2019-12-09T06:00:00.000Z
43.87521,11.04293,2019-12-09T09:00:00.000Z
43.88039,11.09597,2019-12-09T06:00:00.000Z
43.82331,11.12412,2019-12-09T09:00:00.000Z
43.84282,11.18331,2019-12-09T09:00:00.000Z
43.89986,11.10424,2019-12-09T09:00:00.000Z
43.87093,11.06199,2019-12-09T09:00:00.000Z
43.87346,11.07262,2019-12-09T09:00:00.000Z
43.83465,11.18318,2019-12-09T09:00:00.000Z
43.85725,11.15179,2019-12-09T09:00:00.000Z
43.87145,11.1053,2019-12-09T06:00:00.000Z
43.84462,11.11101,2019-12-09T07:08:00.000Z
43.92136,11.0909,2019-12-09T09:00:00.000Z
43.83978,11.2103,2019-12-09T13:00:00.000Z
43.86219,11.11892,2019-12-09T13:00:00.000Z
43.94429,11.21276,2019-12-09T09:00:00.000Z
43.88514,11.09505,2019-12-09T06:00:00.000Z
43.89132,11.08092,2019-12-09T09:00:00.000Z
43.8805,11.04873,2019-12-09T13:00:00.000Z
43.88844,11.05827,2019-12-09T09:00:00.000Z
43.85501,11.14996,2019-12-09T06:00:00.000Z
43.89792,11.18748,2019-12-09T09:00:00.000Z
43.89808,11.05244,2019-12-09T10:00:00.000Z
43.81134,11.05995,2019-12-09T09:00:00.000Z
43.8765,11.1052,2019-12-09T06:00:00.000Z
43.90717,11.11502,2019-12-09T09:00:00.000Z
43.83949,11.21372,2019-12-09T09:00:00.000Z
43.87951,11.0942,2019-12-09T09:00:00.000Z
43.88778,11.08388,2019-12-09T06:00:00.000Z
43.87134,11.11238,2019-12-09T06:00:00.000Z
43.87414,11.07242,2019-12-09T13:00:00.000Z
43.86262,11.08502,2019-12-09T06:00:00.000Z
43.81191,11.05163,2019-12-09T06:00:00.000Z
43.84478,11.19036,2019-12-09T06:00:00.000Z
43.87038,11.09874,2019-12-09T13:00:00.000Z
43.8778,11.09463,2019-12-09T13:00:00.000Z
43.86069,11.11414,2019-12-09T06:00:00.000Z
43.82226,11.13523,2019-12-09T13:00:00.000Z
43.87009,11.10246,2019-12-09T09:00:00.000Z
43.82541,11.20493,2019-12-09T09:00:00.000Z
43.87509,11.07513,2019-12-09T06:00:00.000Z
43.84985,11.16241,2019-12-09T07:08:00.000Z
43.84988,11.08692,2019-12-09T13:00:00.000Z
43.88453,11.10424,2019-12-09T09:00:00.000Z
43.86672,11.15909,2019-12-09T09:00:00.000Z
43.80972,11.16581,2019-12-09T06:00:00.000Z
43.86681,11.15946,2019-12-09T09:00:00.000Z
43.85873,11.16238,2019-12-09T09:00:00.000Z
43.87065,11.11838,2019-12-09T06:00:00.000Z
43.83211,11.19023,2019-12-09T09:00:00.000Z
43.89542,11.08337,2019-12-09T06:00:00.000Z
43.87127,11.07536,2019-12-09T06:00:00.000Z
43.88939,11.1099,2019-12-09T06:00:00.000Z
43.86822,11.09704,2019-12-09T09:00:00.000Z
43.9281,11.04001,2019-12-09T06:00:00.000Z
43.89571,11.09813,2019-12-09T09:00:00.000Z
43.81242,11.1719,2019-12-09T13:00:00.000Z
43.89849,11.18522,2019-12-09T10:00:00.000Z
43.85799,11.04325,2019-12-09T13:00:00.000Z
43.84052,11.20542,2019-12-09T13:00:00.000Z
43.85062,11.18223,2019-12-09T09:00:00.000Z
43.88583,11.07048,2019-12-09T10:00:00.000Z
43.81112,11.04875,2019-12-09T09:00:00.000Z
43.86386,11.07708,2019-12-09T09:00:00.000Z
43.90654,11.11532,2019-12-09T06:00:00.000Z
43.91366,11.02865,2019-12-09T06:00:00.000Z
43.85112,11.17395,2019-12-09T09:00:00.000Z
43.82008,11.13384,2019-12-09T09:00:00.000Z
43.84774,11.1244,2019-12-09T06:00:00.000Z
43.86273,11.16871,2019-12-09T09:00:00.000Z
43.90683,11.09891,2019-12-09T09:00:00.000Z
43.88012,11.10106,2019-12-09T10:00:00.000Z
43.83432,11.18339,2019-12-09T07:08:00.000Z
43.91271,11.06444,2019-12-09T09:00:00.000Z
43.85953,11.11727,2019-12-09T13:00:00.000Z
43.85867,11.10175,2019-12-09T06:00:00.000Z
43.8494,11.17594,2019-12-09T13:00:00.000Z
43.9019,11.0734,2019-12-09T09:00:00.000Z
43.90085,11.03505,2019-12-09T09:00:00.000Z
43.82298,11.12338,2019-12-09T06:00:00.000Z
43.82474,11.13913,2019-12-09T13:00:00.000Z
43.86924,11.1007,2019-12-09T06:00:00.000Z
43.81297,11.2136,2019-12-09T06:00:00.000Z
43.87518,11.11773,2019-12-09T09:00:00.000Z
43.84076,11.20121,2019-12-09T13:00:00.000Z
43.89388,11.08296,2019-12-09T07:08:00.000Z
43.88688,11.10742,2019-12-09T06:00:00.000Z
43.83297,11.19936,2019-12-09T09:00:00.000Z
43.85894,11.07951,2019-12-09T09:00:00.000Z
43.84348,11.1966,2019-12-09T09:00:00.000Z
43.89209,11.07607,2019-12-09T09:00:00.000Z
43.82568,11.12213,2019-12-09T09:00:00.000Z
43.86268,11.08481,2019-12-09T06:00:00.000Z
43.83367,11.20722,2019-12-09T06:00:00.000Z
43.86419,11.08302,2019-12-09T06:00:00.000Z
43.89761,11.18362,2019-12-09T09:00:00.000Z
43.90067,11.07765,2019-12-09T09:00:00.000Z
43.85846,11.16416,2019-12-09T08:00:00.000Z
43.83915,11.19166,2019-12-09T06:00:00.000Z
43.87741,11.11345,2019-12-09T06:00:00.000Z
43.80555,11.186,2019-12-09T09:00:00.000Z
43.86942,11.09553,2019-12-09T13:00:00.000Z
43.85527,11.17329,2019-12-09T08:00:00.000Z
43.87407,11.09156,2019-12-09T09:00:00.000Z
43.86066,11.11599,2019-12-09T13:00:00.000Z
43.86391,11.09443,2019-12-09T09:00:00.000Z
43.92709,11.03322,2019-12-09T09:00:00.000Z
43.88041,11.09602,2019-12-09T06:00:00.000Z
43.88951,11.05058,2019-12-09T06:00:00.000Z
43.90812,11.03336,2019-12-09T09:00:00.000Z
43.85116,11.10268,2019-12-09T06:00:00.000Z
43.89977,11.09468,2019-12-09T06:00:00.000Z
43.89584,11.06843,2019-12-09T06:00:00.000Z
43.85096,11.1026,2019-12-09T09:00:00.000Z
43.86139,11.10988,2019-12-09T10:00:00.000Z
43.82078,11.13366,2019-12-09T09:00:00.000Z
43.89574,11.09814,2019-12-09T06:00:00.000Z
43.83683,11.18545,2019-12-09T09:00:00.000Z
43.82631,11.20182,2019-12-09T07:08:00.000Z
43.81134,11.03872,2019-12-09T06:00:00.000Z
43.88926,11.08004,2019-12-09T09:00:00.000Z
43.81232,11.04766,2019-12-09T06:00:00.000Z
43.83542,11.19991,2019-12-09T09:00:00.000Z
43.89012,11.0783,2019-12-09T09:00:00.000Z
43.86051,11.11712,2019-12-09T13:00:00.000Z
43.8358,11.20086,2019-12-09T10:00:00.000Z
43.86709,11.11267,2019-12-09T07:48:00.000Z
43.82952,11.19554,2019-12-09T10:00:00.000Z
43.90715,11.05767,2019-12-09T09:00:00.000Z
43.87388,11.06633,2019-12-09T11:38:12.000Z
43.87317,11.10113,2019-12-09T09:00:00.000Z
43.87912,11.10085,2019-12-09T06:00:00.000Z
43.81645,11.06032,2019-12-09T06:00:00.000Z
43.84917,11.14882,2019-12-09T08:00:00.000Z
43.81712,11.13534,2019-12-09T13:00:00.000Z
43.89564,11.18608,2019-12-09T09:00:00.000Z
43.86093,11.16257,2019-12-09T06:00:00.000Z
43.81468,11.17536,2019-12-09T13:00:00.000Z
43.86623,11.16526,2019-12-09T09:00:00.000Z
43.82109,11.13396,2019-12-09T13:00:00.000Z
43.87175,11.11031,2019-12-09T09:00:00.000Z
43.86947,11.06362,2019-12-09T06:00:00.000Z
43.87545,11.10353,2019-12-09T09:00:00.000Z
43.87456,11.04156,2019-12-09T08:00:00.000Z
43.81773,11.13524,2019-12-09T09:00:00.000Z
43.92315,11.03226,2019-12-09T06:00:00.000Z
43.89556,11.09804,2019-12-09T07:08:00.000Z
43.82076,11.12865,2019-12-09T13:00:00.000Z
43.81409,11.0596,2019-12-09T06:00:00.000Z
43.81485,11.05332,2019-12-09T13:00:00.000Z
43.82208,11.12122,2019-12-09T08:00:00.000Z
43.88442,11.09734,2019-12-09T10:00:00.000Z
43.85692,11.14633,2019-12-09T13:00:00.000Z
43.82132,11.12865,2019-12-09T05:39:00.000Z
43.84597,11.16156,2019-12-09T07:08:00.000Z
43.8292,11.19995,2019-12-09T06:00:00.000Z
43.84709,11.10838,2019-12-09T13:00:00.000Z
43.86149,11.16614,2019-12-09T05:07:00.000Z
43.82192,11.13562,2019-12-09T09:00:00.000Z
43.8386,11.20899,2019-12-09T13:00:00.000Z
43.88226,11.11403,2019-12-09T13:00:00.000Z
43.89186,11.06251,2019-12-09T10:00:00.000Z
43.84349,11.08692,2019-12-09T13:00:00.000Z
43.8625,11.08679,2019-12-09T07:08:00.000Z
43.81767,11.13465,2019-12-09T09:00:00.000Z
43.94369,11.21716,2019-12-09T09:00:00.000Z
43.87366,11.10723,2019-12-09T06:00:00.000Z
43.86642,11.11285,2019-12-09T09:00:00.000Z
43.86142,11.12334,2019-12-09T09:00:00.000Z
43.86099,11.15238,2019-12-09T07:08:00.000Z
43.82191,11.13137,2019-12-09T06:00:00.000Z
43.92726,11.03008,2019-12-09T09:00:00.000Z
43.90238,11.08004,2019-12-09T09:00:00.000Z
43.87038,11.11411,2019-12-09T06:00:00.000Z
43.8589,11.11813,2019-12-09T09:00:00.000Z
43.91238,11.06422,2019-12-09T06:00:00.000Z
43.90234,11.11169,2019-12-09T06:00:00.000Z
43.85818,11.10495,2019-12-09T07:08:00.000Z
43.89143,11.08099,2019-12-09T08:00:00.000Z
43.83756,11.18344,2019-12-09T09:00:00.000Z
43.8625,11.1513,2019-12-09T06:00:00.000Z
43.856,11.15805,2019-12-09T09:00:00.000Z
43.85156,11.17605,2019-12-09T09:00:00.000Z
43.87173,11.11293,2019-12-09T09:00:00.000Z
43.83401,11.18392,2019-12-09T13:00:00.000Z
43.84276,11.10601,2019-12-09T06:00:00.000Z
43.8577,11.14884,2019-12-09T09:00:00.000Z
43.87,11.08859,2019-12-09T08:00:00.000Z
43.81997,11.13642,2019-12-09T13:00:00.000Z
43.84319,11.07589,2019-12-09T13:00:00.000Z
43.82199,11.13506,2019-12-09T06:00:00.000Z
43.83994,11.17648,2019-12-09T09:00:00.000Z
43.81184,11.16828,2019-12-09T06:00:00.000Z
43.82121,11.13007,2019-12-09T06:00:00.000Z
43.91186,11.05926,2019-12-09T09:00:00.000Z
43.93113,11.02892,2019-12-09T09:00:00.000Z
43.82168,11.12943,2019-12-09T06:00:00.000Z
43.82797,11.21112,2019-12-09T08:00:00.000Z
43.88791,11.10891,2019-12-09T09:00:00.000Z
43.89554,11.18704,2019-12-09T09:00:00.000Z
43.84854,11.12004,2019-12-09T06:00:00.000Z
43.86052,11.11217,2019-12-09T09:00:00.000Z
43.84592,11.19804,2019-12-09T13:00:00.000Z
43.86551,11.10651,2019-12-09T13:00:00.000Z
43.86242,11.07979,2019-12-09T13:00:00.000Z
43.80396,11.18527,2019-12-09T09:00:00.000Z
43.81528,11.04744,2019-12-09T06:00:00.000Z
43.84668,11.11968,2019-12-09T06:00:00.000Z
43.85648,11.08039,2019-12-09T06:00:00.000Z
43.87666,11.10387,2019-12-09T09:00:00.000Z
43.84176,11.19127,2019-12-09T10:00:00.000Z
43.8805,11.09607,2019-12-09T06:00:00.000Z
43.85063,11.083,2019-12-09T13:00:00.000Z
43.8841,11.05485,2019-12-09T09:00:00.000Z
43.8409,11.11445,2019-12-09T13:00:00.000Z
43.83755,11.21775,2019-12-09T13:00:00.000Z
43.89959,11.10765,2019-12-09T09:00:00.000Z
43.8321,11.18781,2019-12-09T09:00:00.000Z
43.79786,11.14081,2019-12-09T10:00:00.000Z
43.88425,11.0766,2019-12-09T06:00:00.000Z
43.81265,11.05312,2019-12-09T06:00:00.000Z
43.84402,11.11026,2019-12-09T09:00:00.000Z
43.82397,11.20085,2019-12-09T09:00:00.000Z
43.82131,11.1414,2019-12-09T13:00:00.000Z
43.87267,11.0943,2019-12-09T06:00:00.000Z
43.84178,11.20602,2019-12-09T09:00:00.000Z
43.85701,11.11829,2019-12-09T13:00:00.000Z
43.84254,11.1889,2019-12-09T06:00:00.000Z
43.90747,11.05272,2019-12-09T07:08:00.000Z
43.87802,11.05943,2019-12-09T13:00:00.000Z
43.83278,11.20063,2019-12-09T09:00:00.000Z
43.87313,11.10783,2019-12-09T06:00:00.000Z
43.83667,11.17395,2019-12-09T09:00:00.000Z
43.84279,11.19745,2019-12-09T09:00:00.000Z
43.87446,11.17359,2019-12-09T09:00:00.000Z
43.85545,11.16004,2019-12-09T09:00:00.000Z
43.86101,11.17588,2019-12-09T01:58:00.000Z
43.90623,11.03557,2019-12-09T06:00:00.000Z
43.82016,11.14186,2019-12-09T13:00:00.000Z
43.87404,11.09393,2019-12-09T07:08:00.000Z
43.83975,11.20822,2019-12-09T09:00:00.000Z
43.8361,11.19919,2019-12-09T06:00:00.000Z
43.83386,11.19342,2019-12-09T10:00:00.000Z
43.87093,11.06197,2019-12-09T06:00:00.000Z
43.86747,11.11384,2019-12-09T06:00:00.000Z
43.87083,11.09769,2019-12-09T09:00:00.000Z
43.83495,11.19886,2019-12-09T09:00:00.000Z
43.84035,11.18414,2019-12-09T13:00:00.000Z
43.80759,11.10248,2019-12-09T13:00:00.000Z
43.81482,11.05836,2019-12-09T06:00:00.000Z
43.83904,11.2146,2019-12-09T13:00:00.000Z
43.83648,11.17709,2019-12-09T05:39:00.000Z
43.83912,11.19135,2019-12-09T07:44:00.000Z
43.834,11.20687,2019-12-09T13:00:00.000Z
43.86054,11.11615,2019-12-09T13:00:00.000Z
43.85989,11.16613,2019-12-09T09:00:00.000Z
43.91316,11.06159,2019-12-09T06:00:00.000Z
43.89485,11.09823,2019-12-09T06:00:00.000Z
43.87984,11.11116,2019-12-09T06:00:00.000Z
43.87876,11.11157,2019-12-09T13:00:00.000Z
43.83889,11.17536,2019-12-09T06:00:00.000Z
43.8605,11.05438,2019-12-09T13:00:00.000Z
43.84924,11.10204,2019-12-09T09:00:00.000Z
43.8615,11.13973,2019-12-09T09:00:00.000Z
43.86991,11.08552,2019-12-09T13:00:00.000Z
43.9011,11.07367,2019-12-09T13:00:00.000Z
43.87069,11.10242,2019-12-09T13:00:00.000Z
43.85138,11.07693,2019-12-09T09:00:00.000Z
43.87273,11.09815,2019-12-09T09:00:00.000Z
43.8212,11.13689,2019-12-09T06:00:00.000Z
43.83644,11.17732,2019-12-09T13:00:00.000Z
43.82493,11.20441,2019-12-09T10:00:00.000Z
43.82366,11.12432,2019-12-09T09:00:00.000Z
43.86076,11.09033,2019-12-09T06:00:00.000Z
43.83487,11.201,2019-12-09T13:00:00.000Z
43.86302,11.11806,2019-12-09T13:00:00.000Z
43.83366,11.20186,2019-12-09T13:00:00.000Z
43.81706,11.14558,2019-12-09T09:00:00.000Z
43.86749,11.1123,2019-12-09T07:08:00.000Z
43.88911,11.05045,2019-12-09T10:00:00.000Z
43.8777,11.094,2019-12-09T06:00:00.000Z
43.8783,11.07318,2019-12-09T09:00:00.000Z
43.80534,11.13875,2019-12-09T06:00:00.000Z
43.83371,11.20687,2019-12-09T10:00:00.000Z
43.85873,11.14182,2019-12-09T13:00:00.000Z
43.8842,11.07568,2019-12-09T09:00:00.000Z
43.87351,11.07472,2019-12-09T06:00:00.000Z
43.87971,11.1053,2019-12-09T06:00:00.000Z
43.81961,11.13089,2019-12-09T05:07:00.000Z
43.83147,11.20326,2019-12-09T09:00:00.000Z
43.84069,11.11456,2019-12-09T09:00:00.000Z
43.8674,11.09536,2019-12-09T06:00:00.000Z
43.84768,11.08752,2019-12-09T09:00:00.000Z
43.86288,11.11774,2019-12-09T09:00:00.000Z
43.83149,11.20338,2019-12-09T06:00:00.000Z
43.86323,11.16853,2019-12-09T06:00:00.000Z
43.91156,11.06073,2019-12-09T06:00:00.000Z
43.82144,11.13389,2019-12-09T09:00:00.000Z
43.90132,11.06669,2019-12-09T09:00:00.000Z
43.81724,11.14525,2019-12-09T06:00:00.000Z
43.86082,11.16648,2019-12-09T13:00:00.000Z
43.80653,11.13626,2019-12-09T06:00:00.000Z
43.82497,11.21466,2019-12-09T13:00:00.000Z
43.8489,11.09057,2019-12-09T06:00:00.000Z
43.86273,11.08503,2019-12-09T06:00:00.000Z
43.83435,11.20333,2019-12-09T09:00:00.000Z
43.88834,11.11024,2019-12-09T09:00:00.000Z
43.86647,11.16496,2019-12-09T09:00:00.000Z
43.81139,11.05988,2019-12-09T06:00:00.000Z
43.81527,11.17055,2019-12-09T06:00:00.000Z
43.85251,11.14826,2019-12-09T09:00:00.000Z
43.82143,11.14097,2019-12-09T13:00:00.000Z
43.87424,11.08585,2019-12-09T06:00:00.000Z
43.86908,11.10132,2019-12-09T09:00:00.000Z
43.85563,11.15536,2019-12-09T09:00:00.000Z
43.87797,11.05945,2019-12-09T13:00:00.000Z
43.8704,11.09748,2019-12-09T09:00:00.000Z
43.83906,11.20782,2019-12-09T13:00:00.000Z
43.87908,11.09598,2019-12-09T09:00:00.000Z
43.83922,11.17501,2019-12-09T10:00:00.000Z
43.88354,11.08727,2019-12-09T06:00:00.000Z
43.85871,11.12087,2019-12-09T09:00:00.000Z
43.88009,11.05613,2019-12-09T06:00:00.000Z
43.8892,11.10537,2019-12-09T11:38:12.000Z
43.85664,10.99055,2019-12-09T07:08:00.000Z
43.85253,11.1482,2019-12-09T06:00:00.000Z
43.90213,11.07849,2019-12-09T06:00:00.000Z
43.89183,11.08623,2019-12-09T06:00:00.000Z
43.86269,11.08474,2019-12-09T06:00:00.000Z
43.80692,11.11304,2019-12-09T09:00:00.000Z
43.85065,11.0659,2019-12-09T10:00:00.000Z
43.8599,11.16619,2019-12-09T13:00:00.000Z
43.83429,11.20006,2019-12-09T06:00:00.000Z
43.84687,11.10825,2019-12-09T06:00:00.000Z
43.82682,11.19589,2019-12-09T09:00:00.000Z
43.87372,11.09765,2019-12-09T09:00:00.000Z
43.8702,11.08797,2019-12-09T13:00:00.000Z
43.84167,11.18945,2019-12-09T09:00:00.000Z
43.84146,11.19963,2019-12-09T10:07:03.000Z
43.85722,11.15908,2019-12-09T09:00:00.000Z
43.89859,11.10564,2019-12-09T12:01:13.000Z
43.909,11.06711,2019-12-09T10:00:00.000Z
43.81136,11.06,2019-12-09T09:00:00.000Z
43.86171,11.09598,2019-12-09T09:00:00.000Z
43.86904,11.10036,2019-12-09T09:00:00.000Z
43.9028,11.11368,2019-12-09T09:00:00.000Z
43.81949,11.13311,2019-12-09T09:00:00.000Z
43.84149,11.18898,2019-12-09T09:00:00.000Z
43.82492,11.1979,2019-12-09T13:00:00.000Z
43.89166,11.08092,2019-12-09T08:00:00.000Z
43.81871,11.12652,2019-12-09T09:00:00.000Z
43.90045,11.07449,2019-12-09T06:00:00.000Z
43.88803,11.05796,2019-12-09T09:00:00.000Z
43.86635,11.1117,2019-12-09T09:00:00.000Z
43.86514,11.16774,2019-12-09T06:00:00.000Z
43.89315,11.18062,2019-12-09T10:00:00.000Z
43.83236,11.20262,2019-12-09T09:00:00.000Z
43.8707,11.08356,2019-12-09T06:00:00.000Z
43.85846,11.14303,2019-12-09T09:00:00.000Z
43.90108,11.10524,2019-12-09T09:00:00.000Z
43.82781,11.21572,2019-12-09T09:00:00.000Z
43.89254,11.10736,2019-12-09T09:00:00.000Z
43.84454,11.19639,2019-12-09T09:00:00.000Z
43.90241,11.1115,2019-12-09T09:00:00.000Z
