42.76263,11.11282
42.75842,11.11278
42.75603,11.11698
42.7621,11.11836
42.74371,10.9587
42.8673,11.16626
42.77405,11.1008
42.77177,11.10916
42.76768,11.11717
42.76147,11.09549
42.74504,10.9498
42.77892,11.11759
42.68584,11.09106
42.75918,11.11426
42.75985,11.11214
42.76271,11.11293
42.76187,11.1131
42.76329,11.10875
42.76124,11.10374
42.76508,11.10595
42.77073,11.10996
42.76966,11.11238
42.76674,11.10018
42.76757,11.10143
42.74087,11.0317
42.76448,11.122
42.76424,11.118
42.78303,11.09779
42.77987,11.10463
42.78133,11.10298
42.78197,11.10945
42.76579,11.12093
42.71788,10.98789
42.75325,11.10713
42.77547,11.10549
42.76139,11.12362
42.7501,11.1213
42.75069,11.12157
42.76078,11.11997
42.76522,11.10866
42.76566,11.10844
42.76454,11.11197
42.76374,11.11121
42.76754,11.108
42.77808,11.12268
42.77052,11.09584
42.78104,11.10367
0,0
42.76941,11.09989
42.77053,11.09354
42.77542,11.11063
42.66654,11.13726
42.76212,11.11359
42.77315,11.10533
42.7663,11.11039
42.77709,11.10145
42.7463,11.12617
42.75208,11.11868
42.7855,11.11379
42.77205,11.09597
42.76322,11.09957
42.76469,11.14529
42.77827,11.18522
42.7673,11.10755
42.77639,11.09795
42.76432,11.06833
42.78547,11.11415
42.86784,11.16614
42.78577,11.0947
42.87476,11.0756
42.87458,11.0747
42.76359,11.0972
42.77006,11.1145
42.75792,11.11228
42.74656,11.11088
42.77109,11.10713
42.86456,11.16546
42.86741,11.16606
42.75719,11.11186
42.81238,11.13466
42.81993,11.13365
42.80934,11.13843
42.75505,11.11379
42.75805,11.10345
42.7546,11.11446
42.78032,11.11131
42.78028,11.11142
42.78081,11.11574
42.77386,11.10955
42.80792,11.13543
42.80895,11.14074
42.76467,11.10664
42.79324,11.11167
42.77996,11.10455
42.8185,11.13457
42.80712,11.13513
42.8078,11.13468
42.78305,11.10626
42.81136,11.11247
42.80916,11.13809
42.80946,11.13843
42.84067,11.09949
42.80813,11.13584
42.76417,11.11631
42.80807,11.13488
42.80646,11.12042
42.75827,11.11575
42.76586,11.10254
42.76685,11.11539
42.76591,11.11605
42.78961,11.12986
42.7716,11.11126
42.76146,11.10474
42.8672,11.16556
42.8079,11.11966
42.8674,11.16616
42.76123,11.10303
42.80267,11.13636
42.76727,11.10328
42.76115,11.10263
42.80862,11.09611
42.7598,11.10448
42.8088,11.13916
42.76458,11.10437
42.76593,11.1025
42.76598,11.10483
42.76056,11.10686
42.76714,11.10318
42.76601,11.10233
42.76086,11.10447
42.7641,11.10396
42.76591,11.10236
42.76491,11.10692
42.76616,11.10255
42.75757,11.1115
42.76594,11.1048
42.76088,11.10689
42.76393,11.10377
42.77226,11.10116
42.77095,11.10651
42.8413,11.10504
42.86742,11.16626
42.75815,11.11644
42.76116,11.10487
42.8079,11.1354
42.75708,11.10735
42.78012,11.11118
42.76118,11.10268
42.75575,11.11165
42.78145,11.12344
42.78031,11.11602
42.78078,11.11574
42.78082,11.11576
42.8101,11.1379
42.81219,11.13632
42.77956,11.1148
42.77918,11.11461
42.7786,11.11422
42.79306,11.12582
42.84225,11.09182
42.80851,11.14108
42.80696,11.13679
42.80679,11.13673
42.73967,11.10988
42.80696,11.13594
42.80796,11.13427
42.8074,11.13481
42.80812,11.13456
42.80806,11.13497
42.81203,11.13643
42.73788,11.11071
42.76458,11.10289
42.76579,11.11598
42.75835,11.11574
42.73932,11.11033
42.76445,11.10571
42.76171,11.10668
42.80932,11.14016
42.75497,11.11595
42.76738,11.10348
42.75636,11.11273
42.75595,11.11393
42.75447,11.11492
42.76528,11.11631
42.76627,11.11731
42.76579,11.11599
42.76816,11.1089
42.74857,11.11467
42.76062,11.11891
42.76865,11.11385
42.80792,11.13538
42.76408,11.11434
42.766,11.10229
42.82669,11.16768
42.76381,11.11696
42.76519,11.11254
42.76662,11.10978
42.76499,11.11359
42.75447,11.11481
42.76554,11.11229
42.76194,11.10977
42.75581,11.11158
42.76506,11.10951
42.76439,11.10829
42.7562,11.11567
42.7684,11.11297
42.74685,11.11136
42.73891,11.10921
42.75504,11.1159
42.86781,11.16717
42.75768,11.11169
42.7635,11.10273
42.7664,11.11592
42.81997,11.13356
42.76059,11.11887
42.75489,11.11447
42.75515,11.11579
42.75336,11.11378
42.848,11.16323
42.75143,11.12299
42.80971,11.14108
42.78572,11.09902
42.74727,11.11179
42.75706,11.11205
42.78541,11.10969
42.75761,11.11136
42.78099,11.10338
42.86556,11.16536
42.76552,11.10263
42.75922,11.11864
42.78579,11.10984
42.78164,11.10961
42.7781,11.10038
42.76685,11.103
42.77999,11.10453
42.7807,11.1049
42.75888,11.11011
42.78021,11.11129
42.7392,11.11018
42.76394,11.11667
42.86625,11.16549
42.75662,11.11589
42.76728,11.11507
42.77986,11.10458
42.78393,11.10875
42.78193,11.10934
42.81768,11.10566
42.76604,11.11653
42.78307,11.1093
42.83486,11.08474
42.76059,11.11888
42.7925,11.10389
42.78632,11.10271
42.77106,11.1071
42.78028,11.11117
42.79701,11.13424
42.77102,11.10715
42.76582,11.10251
42.76594,11.10647
42.76055,11.11881
42.76221,11.12082
42.82685,11.16758
42.75975,11.10336
42.76477,11.11636
42.86779,11.16648
42.75458,11.11456
42.76143,11.10654
42.77998,11.11143
42.78589,11.11227
42.76429,11.11374
42.7606,11.119
42.76529,11.11609
42.76694,11.10309
42.78122,11.11078
42.76843,11.11617
42.76186,11.10668
42.76189,11.10297
42.78032,11.11089
42.80291,11.13607
42.86728,11.16471
42.78889,11.12447
42.78884,11.12448
42.8035,11.13557
42.86768,11.16698
42.86444,11.16232
42.75328,11.11371
42.79868,11.12814
42.81717,11.1304
42.80974,11.12181
42.86741,11.16529
42.85108,11.09692
42.86752,11.16656
42.86734,11.16638
42.86809,11.16757
42.78957,11.12992
42.78904,11.12962
42.80854,11.13902
42.77012,11.11164
42.81982,11.13411
42.81152,11.13853
42.76827,11.1089
42.77148,11.10858
42.78578,11.099
42.72319,10.98547
42.77856,11.11422
42.7832,11.11297
42.78216,11.11751
42.8974,11.0928
42.72259,10.97727
42.72187,10.98237
42.76574,11.15895
42.7276,11.00085
42.72294,10.98276
42.76504,11.10102
42.88145,11.07447
42.76312,11.06316
42.76189,11.11256
42.76478,11.14773
42.75926,11.11487
42.77074,11.0987
42.77572,11.10516
42.71548,10.98335
42.76954,11.21124
42.77412,11.09765
42.77182,11.09599
42.7882,11.09675
42.77537,11.10421
42.76587,11.15886
42.77984,11.17648
42.78299,11.18844
42.77177,11.08922
42.77853,11.11424
42.77881,11.12113
42.75823,10.98847
42.76248,11.11283
42.75952,11.11397
42.67723,11.11327
42.65393,11.13575
42.78831,11.09675
42.76486,11.14577
42.68906,11.15564
42.64985,11.13477
42.78338,11.18991
42.77385,11.16264
42.77964,11.18521
42.77461,11.1624
42.77503,11.162
42.7799,11.17764
42.7832,11.18857
42.77721,11.09767
42.77771,11.0732
42.77839,11.11447
42.77876,11.18382
42.77435,11.16951
42.76533,11.10134
42.76939,11.09987
42.7669,11.10008
42.76656,11.10074
42.78074,11.18162
42.71644,10.98493
42.78565,11.09905
42.79482,11.09858
42.76028,11.11325
42.77836,11.11423
42.76774,11.11693
42.80949,11.03953
42.75354,11.10141
42.8339,11.06115
42.76345,11.0687
42.77665,11.17268
42.75246,10.99736
42.77932,11.1828
42.74537,11.11609
42.77637,11.17269
42.7153,10.98483
42.78082,11.17971
42.78006,11.18196
42.7625,11.11366
42.77316,11.06119
42.76701,11.16082
42.72229,10.9837
42.75549,11.1204
42.78566,11.11869
42.79889,11.10481
42.78823,11.09642
42.77835,11.11427
42.78836,11.09637
42.78815,11.09643
42.77851,11.11425
42.77854,11.11425
42.77001,11.11804
42.783,11.18888
42.76794,11.11728
42.77856,11.11423
42.77264,11.10537
42.77684,11.12106
42.79073,11.08176
42.77853,11.11422
42.70793,11.13555
42.7785,11.11425
42.77277,11.16267
42.78302,11.18885
42.76849,11.10871
42.77853,11.11418
42.78658,11.11845
42.77863,11.11427
42.78664,11.11895
42.86523,11.05329
42.78319,11.0499
42.76105,11.10546
42.77843,11.11422
42.78094,11.12653
42.72002,10.98359
42.76938,11.10816
42.76882,11.11785
42.70532,11.13288
42.77835,11.07186
42.77175,11.09013
42.76891,11.10853
42.75428,11.10909
42.78995,11.08552
42.75716,11.25149
42.78225,11.18882
42.76741,11.10066
42.74076,11.03173
42.7662,11.15586
42.77623,11.11012
42.77422,11.16323
42.75996,11.11498
42.77855,11.11423
42.83209,11.03857
42.79067,11.08169
42.78108,11.18407
42.76475,11.10111
42.78829,11.09712
42.70712,11.13982
42.71654,10.98837
42.76931,11.10811
42.8185,11.03385
42.71992,10.98344
42.77332,11.10518
42.7057,11.1307
42.66658,11.13724
42.77807,11.12283
42.78529,11.0976
42.75698,11.03566
42.76748,11.11699
42.76879,11.11689
42.67009,11.10544
42.67596,11.09936
42.78122,11.12406
42.77408,11.16892
42.78848,11.09677
42.77456,11.16238
42.77203,11.1637
42.76786,11.11749
42.76841,11.11562
42.77336,11.16605
42.78315,11.18992
42.76823,11.1158
42.76843,11.11762
42.78637,11.11819
42.78514,11.12031
42.75999,11.11231
42.77957,11.18223
42.76954,11.10913
42.71799,10.98371
42.81466,11.02666
42.66898,11.10522
42.79497,11.09147
42.78333,11.18857
42.66932,11.10701
42.76108,11.11187
42.78061,11.18454
42.76752,11.11615
42.77821,11.12055
42.77545,11.11071
42.7677,11.11424
42.88847,11.06463
42.85433,11.06244
42.67641,11.09936
42.78986,11.08555
42.79161,11.08776
42.70319,11.12644
42.67206,11.10029
42.79172,11.08366
42.71807,10.98838
42.77058,11.10744
42.77366,11.10506
42.77894,11.18785
42.79544,11.07298
42.89549,11.091
42.70983,11.13151
42.78833,11.09713
42.70717,11.13551
42.77686,11.12155
42.70692,11.1395
42.70684,11.13704
42.78078,11.12265
42.78121,11.12443
42.78498,11.12056
42.78556,11.12033
42.77781,11.11032
42.70383,11.14447
42.67038,11.10527
42.67003,11.10568
42.773,11.08624
42.81012,11.04655
42.79125,11.08342
42.77396,11.10495
42.77657,11.10154
42.67317,11.10349
42.66934,11.10704
42.70742,11.13426
42.70462,11.13211
42.70518,11.13486
42.6691,11.10701
42.77854,11.11436
42.77048,11.09354
42.76796,11.11511
42.76706,11.11683
42.76769,11.11724
42.78307,11.11861
42.77633,11.11525
42.78103,11.12146
42.78106,11.12282
42.77705,11.065
42.66811,11.1067
42.79074,11.09074
42.78994,11.08498
42.76979,11.11382
42.66967,11.10685
42.70711,11.13652
42.66966,11.10639
42.77418,11.0953
42.66989,11.10551
42.6692,11.10618
42.66821,11.10704
42.66787,11.10734
42.6687,11.10789
42.7076,11.13314
42.70837,11.13169
42.70857,11.1337
42.70839,11.13611
42.70803,11.13054
42.7754,11.09632
42.70687,11.13515
42.70825,11.13266
42.70665,11.13034
42.70649,11.13421
42.66995,11.10709
42.76077,11.11513
42.77356,11.16368
42.78831,11.09716
42.78565,11.09907
42.71592,10.9855
42.78102,11.12437
42.78813,11.09702
42.78048,11.17883
42.76896,11.10852
42.76656,11.11634
42.76755,11.11496
42.76479,11.14617
42.6775,11.13619
42.80931,11.03698
42.7667,11.16113
42.77395,11.16992
42.709,11.13403
42.77933,11.17667
42.77989,11.17762
42.77877,11.18382
42.7786,11.18729
42.77913,11.18825
42.77834,11.12268
42.7781,11.12231
42.76822,11.11757
42.67778,11.07525
42.78657,11.128
42.77982,11.18886
42.77929,11.18845
42.78278,11.19083
42.74082,11.03164
42.74945,11.01012
42.76516,11.15832
42.77181,11.09973
42.77927,11.11493
42.7768,11.10431
42.76273,11.12697
42.71573,10.98703
42.76866,11.12954
42.76485,11.11839
42.70695,11.13719
42.77722,11.11552
42.75636,11.11873
42.76917,11.09948
42.76945,11.10281
42.76918,11.10834
42.75309,11.10929
42.76312,11.11256
42.77448,11.09468
42.76146,11.12761
42.77965,11.1758
42.77976,11.17595
42.77997,11.17618
42.70818,10.98911
42.70835,10.98995
42.7651,11.10086
42.76538,11.10072
42.76509,11.10108
42.76686,11.10004
42.77472,11.09998
42.7693,11.09928
42.77945,11.11916
42.78159,11.11546
42.75242,11.11891
42.75986,11.11516
42.77201,11.10598
42.78319,11.18869
42.76777,11.11746
42.78152,11.12347
42.76142,11.11535
42.73613,10.9671
42.7608,11.12202
42.7721,11.10031
42.75987,11.11211
42.71789,10.98043
42.77286,11.16662
42.75969,11.11374
42.72659,10.97562
42.71738,10.98433
42.71223,10.98509
42.78576,11.09901
42.77083,11.11228
42.79049,11.09266
42.79068,11.08171
42.7588,11.11146
42.78891,11.10353
42.77296,11.10513
42.76061,11.11258
42.81315,11.0311
42.7674,11.11507
42.75988,11.1166
42.77983,11.17659
42.70818,10.9891
42.7091,10.98944
42.75417,11.10713
42.78059,11.1164
42.77798,11.12003
42.78288,11.09795
42.753,11.10763
42.78294,11.09797
42.77942,11.18864
42.78049,11.11941
42.78106,11.18557
42.76803,11.11761
42.78054,11.17903
42.7802,11.18431
42.77124,11.11163
42.73201,11.04378
42.76415,11.11195
42.78241,11.11708
42.78331,11.09937
42.74041,10.98106
42.7912,11.09303
42.77949,11.18506
42.77294,11.09715
42.76093,11.11471
42.65257,11.13679
42.78307,11.18854
42.67135,11.11991
42.74821,10.98564
42.7728,11.11625
42.79664,11.08484
42.75561,11.11823
42.75761,11.02052
42.74587,10.99322
42.89704,11.09271
42.75492,11.03279
42.80407,11.07918
42.78363,11.05253
42.77157,11.11741
42.77698,11.06508
42.75851,11.12419
42.7398,10.98045
42.75544,11.10741
42.71931,10.9943
42.76773,11.11753
42.76781,11.11748
42.77418,11.10151
42.7153,10.9849
42.77026,11.10318
42.7749,11.16202
42.6891,11.13792
42.78299,11.09941
42.77837,11.11421
42.77584,11.12094
42.77645,11.12161
42.77794,11.0986
42.77712,11.1014
42.77135,11.08896
42.72172,10.97951
42.77924,11.183
42.75862,11.11247
42.77572,11.09871
42.7701,11.09696
42.79649,11.09308
42.7832,11.18981
42.78426,11.09862
42.78905,11.0958
42.76084,11.11251
42.70308,11.14423
42.76931,11.09926
42.7641,11.13124
42.71423,10.98427
42.78204,11.05899
42.69155,11.13159
42.78414,11.11377
42.77538,11.09926
42.76041,11.12374
42.77161,11.10078
42.7737,11.10506
42.78337,11.09731
42.77677,11.09903
42.7775,11.09934
42.76488,11.1579
42.76026,11.11329
42.78985,11.09631
42.77755,11.10125
42.77095,11.09203
42.7886,11.09752
42.79015,11.09068
42.76351,11.1474
42.78859,11.09491
42.77092,11.09472
42.76336,11.11247
42.7718,11.08907
42.77773,11.09879
42.77134,11.09565
42.75283,11.11884
42.77756,11.10542
42.79113,11.09237
42.78983,11.09389
42.76234,11.113
42.75949,11.11355
42.78556,11.09588
42.77689,11.09904
42.77749,11.09931
42.7683,11.11597
42.77103,11.10013
42.78843,11.0972
42.78575,11.09901
42.78692,11.12806
42.78682,11.09616
42.77642,10.99525
42.76871,11.11372
42.76983,11.11496
42.7782,11.12077
42.77455,11.16228
42.78902,11.09389
42.77789,11.11909
42.76984,11.11445
42.75915,11.01255
42.72417,10.99559
42.77627,11.09755
42.77628,11.098
42.79035,11.09759
42.7791,11.0715
42.74112,11.03201
42.76917,11.10834
42.7677,11.11725
42.78454,11.11493
42.72421,10.99594
42.77414,11.10685
42.75482,11.03316
42.7823,11.1904
42.79267,11.1721
42.80093,11.16661
42.7838,11.16118
42.78307,11.18993
42.78305,11.18991
42.78287,11.1889
42.79375,11.09544
42.78373,11.11987
42.77153,11.10938
42.76863,11.11365
42.77089,11.09847
42.77086,11.09848
42.7697,11.11532
42.77959,11.11899
42.75401,11.11007
42.77579,11.09866
42.77591,11.09558
42.77086,11.09849
42.77625,11.09693
42.77423,11.09461
42.77077,11.10106
42.76179,11.1283
42.75994,11.1128
42.77028,11.09514
42.76184,11.11203
42.75073,11.12075
42.75538,11.11995
42.79021,11.09051
42.76226,11.1131
42.63991,11.13303
42.78045,11.05916
42.7664,11.03953
42.77409,11.10086
42.76138,11.12711
42.76691,11.14351
42.76177,11.12825
42.79367,11.09547
42.76311,11.12688
42.76382,11.11226
42.77267,11.11651
42.77316,11.0613
42.78941,11.09448
42.77446,11.11322
42.75101,11.11896
42.76332,11.11247
42.73774,11.15044
42.75964,11.1158
42.66649,11.10854
42.77195,11.11959
42.78317,11.09865
42.77392,11.12022
42.777,11.10675
42.7785,11.11419
42.75676,11.12091
42.76122,11.12115
42.77024,11.14081
42.78777,11.12759
42.66772,11.10816
42.78842,11.09609
42.78547,11.1313
42.72139,10.98272
42.79038,11.09585
42.77348,11.09984
42.76079,11.12182
42.64486,11.12988
42.78495,11.09878
42.77656,11.09827
42.77565,11.09748
42.75929,11.11541
42.7762,11.10541
42.77104,11.0976
42.78088,11.18176
42.77389,11.11312
42.71561,10.98796
42.77525,11.10987
42.77163,11.0966
42.7674,11.09216
42.79201,11.0969
42.75819,11.12372
42.75019,11.12117
42.77176,11.10793
42.79427,11.09507
42.66437,11.10884
42.77547,11.10169
42.76666,11.10026
42.75514,11.11795
42.7762,11.09811
42.76116,11.11308
42.78058,11.17898
42.75282,11.11889
42.75808,11.1134
42.7756,11.10547
42.76082,11.11313
42.75923,11.11422
42.74253,11.03181
42.77943,11.17658
42.75602,11.12122
42.77858,11.11426
42.78536,11.09477
42.77377,11.09454
42.75974,11.11243
42.77232,11.09562
42.75465,11.10705
42.76485,11.14702
42.752,11.10729
42.75705,11.12177
42.75958,11.11466
42.7614,11.12889
42.76958,11.16354
42.78876,11.09672
42.75898,11.12776
42.78812,11.09822
42.7648,11.14657
42.77067,11.10197
42.75822,11.12544
42.66805,11.10698
42.77163,11.09656
42.77378,11.1633
42.78557,11.0991
42.66873,11.10506
42.7654,11.10109
42.7505,11.12096
42.78393,11.11279
42.77098,11.09732
42.78201,11.11776
42.77774,11.10394
42.78867,11.09427
42.8083,11.03042
42.77639,11.11988
42.77618,11.10899
42.78589,11.09454
42.69188,11.11916
42.70454,11.12874
42.76981,11.09784
42.75865,11.11143
42.75472,11.10899
42.74698,11.04049
42.75883,11.109
42.75441,11.1062
42.75601,11.11836
42.76017,11.11344
42.77834,11.18673
42.75967,11.12835
42.76227,11.11322
42.76025,11.11508
42.78816,11.1576
42.77431,11.11369
42.75562,11.12
42.77691,11.10919
42.77179,11.10791
42.66981,11.1072
42.76148,11.12832
42.75982,11.11485
42.77066,11.09766
42.75064,11.10441
42.76173,11.12831
42.76868,11.10206
42.75074,11.1068
42.7547,11.11927
42.75786,11.12212
42.77036,11.10173
42.75836,11.1129
42.79035,11.09756
42.75743,11.12186
42.77445,11.09624
42.68424,11.11747
42.75999,11.11666
42.74743,11.12688
42.77412,11.09523
42.75906,11.11386
42.76224,11.11399
42.75785,11.12554
42.69734,11.13608
42.79628,11.14795
42.76239,11.11291
42.68906,11.1557
42.75341,11.11989
42.7809,11.17972
42.7688,11.09784
42.75629,11.12022
42.78338,11.1902
42.75649,11.11946
42.77905,11.1881
42.76188,11.03701
42.75284,11.11141
42.76133,11.12344
42.75884,11.11425
42.74791,11.12511
42.75122,11.1083
42.76027,11.11435
42.78858,11.09752
42.76059,11.12304
42.76016,11.11566
42.77919,11.09799
42.77177,11.11868
42.77494,11.11022
42.77481,11.11935
42.76023,11.11602
42.77399,11.16265
42.75883,11.10904
42.79183,11.09422
42.7608,11.12181
42.75877,11.12508
42.75406,11.12116
42.75863,11.1114
42.78583,11.10805
42.78283,11.10997
42.78109,11.11044
42.86703,11.16568
42.83673,11.08395
42.78561,11.10955
42.78715,11.11183
42.80994,11.11264
42.78497,11.11019
42.78013,11.11127
42.79788,11.1343
42.78498,11.11018
42.81006,11.10427
42.78488,11.11023
42.78203,11.11095
42.78236,11.11094
42.78619,11.11146
42.78535,11.11144
42.78021,11.11074
42.8678,11.16621
42.86873,11.16812
42.79019,11.13008
42.87381,11.0753
42.7638,11.11178
42.76468,11.11933
42.76613,11.11049
42.76886,11.11095
42.76476,11.10883
42.76636,11.11272
42.8745,11.0731
42.86963,11.06668
42.87352,11.07379
42.86964,11.06668
42.87539,11.07879
42.77072,11.10774
42.76171,11.11047
42.7638,11.11173
42.76554,11.12126
42.76583,11.11073
42.76769,11.10891
42.76341,11.11109
42.87387,11.06992
42.89109,11.05933
42.73875,11.10907
42.76339,11.09737
42.87449,11.07397
42.76635,11.09812
42.76119,11.11959
42.76366,11.0968
42.76224,11.09475
42.87255,11.07108
42.77113,11.11165
42.76814,11.10917
42.86955,11.06668
42.87193,11.07226
42.76492,11.09578
42.76455,11.12157
42.76434,11.09653
42.87281,11.07373
42.74416,11.11415
42.7634,11.09765
42.69703,11.00045
42.87011,11.0705
42.77155,11.09627
42.70702,11.01781
42.76317,11.09618
42.87362,11.07529
42.77192,11.1105
42.77304,11.10839
42.76183,11.08767
42.76269,11.09482
42.76387,11.09474
42.76846,11.09647
42.73906,11.05787
42.76381,11.11981
42.76389,11.12312
42.87397,11.07374
42.72794,11.00807
42.76511,11.10848
42.76411,11.12491
42.76996,11.11418
42.71902,11.08818
42.76181,11.08274
42.76794,11.11991
42.82596,11.13856
42.81899,11.08868
42.79337,11.11187
42.79033,11.11289
42.76606,11.09681
42.76821,11.10983
42.87455,11.07598
42.71384,11.01018
42.87474,11.0753
42.7653,11.10866
42.76382,11.11178
42.70901,11.08103
42.76237,11.12455
42.76561,11.1179
42.7387,11.05759
42.73249,11.04748
42.75906,11.09521
42.76595,11.09787
42.73892,11.0578
42.87276,11.07588
42.87294,11.07586
42.87397,11.07399
42.87422,11.07402
42.8729,11.0709
42.72352,11.00384
42.72107,10.99967
42.87472,11.07676
42.87272,11.07587
42.76995,11.11402
42.72068,11.00008
42.86992,11.06695
42.87473,11.07609
42.77075,11.10994
42.71246,11.01515
42.69334,11.00012
42.76487,11.09571
42.76599,11.09752
42.7656,11.11006
42.87256,11.07125
42.87257,11.07125
42.87274,11.07147
42.76311,11.10211
42.87488,11.07549
42.76889,11.11123
42.69645,11.00278
42.84436,11.11585
42.76475,11.1092
42.76353,11.09458
42.75986,11.0954
42.76715,11.09963
42.76009,11.09175
42.77004,11.10933
42.77083,11.10841
42.77073,11.1089
42.77074,11.10891
42.77067,11.10991
42.77074,11.109
42.76582,11.10244
42.77279,11.10855
42.77077,11.10896
42.77003,11.11095
42.76328,11.10911
42.77013,11.11371
42.72089,11.02689
42.76293,11.10987
42.77242,11.10565
42.76416,11.11993
42.76357,11.11114
42.76491,11.11354
42.76435,11.10821
42.7623,11.12474
42.76605,11.11052
42.76768,11.11417
42.77083,11.10761
42.7644,11.11021
42.76493,11.10891
42.75296,11.09785
42.75696,11.10353
42.75924,11.1016
42.75855,11.10181
42.75997,11.09608
42.76626,11.11269
42.76676,11.11409
42.76627,11.11281
42.77073,11.10778
42.77052,11.10806
42.77071,11.10785
42.76457,11.12182
42.77005,11.11469
42.73134,11.04448
42.77294,11.10768
42.78067,11.11017
42.77122,11.10809
42.75232,11.09761
42.77213,11.11124
42.7712,11.11432
42.75734,11.09558
42.75256,11.09739
42.75103,11.09693
42.76482,11.09709
42.76025,11.1099
42.7697,11.11668
42.76337,11.11259
42.7643,11.12188
42.76453,11.12182
42.75872,11.09484
42.76017,11.11018
42.72161,10.99968
42.75108,11.09692
42.76566,11.11842
42.75901,11.10084
42.7681,11.09858
42.77088,11.1091
42.76094,11.10961
42.76153,11.09575
42.76969,11.11652
42.76498,11.09586
42.76749,11.09705
42.75092,11.10353
42.75226,11.10006
42.70029,11.0466
42.76726,11.09755
42.76349,11.1111
42.76516,11.12003
42.73878,11.05792
42.73835,11.10892
42.73893,11.0583
42.72989,11.03865
42.86854,11.16748
42.86765,11.16683
42.71265,11.07524
42.71638,11.06702
42.71832,11.05497
42.6941,11.04129
42.7376,11.05748
42.73869,11.05851
42.77006,11.11467
42.75856,11.09523
42.75933,11.09948
42.75974,11.10101
42.75841,11.10165
42.75917,11.09969
42.76171,11.08385
42.75903,11.09441
42.76746,11.10804
42.76358,11.11147
42.76379,11.11179
42.76758,11.11135
42.76267,11.11921
42.76405,11.12533
42.77082,11.10775
42.76772,11.099
42.76147,11.09231
42.75717,11.09567
42.76677,11.09637
42.76939,11.11269
42.87123,11.07042
42.87492,11.07442
42.87456,11.07181
42.87121,11.07037
42.87012,11.06779
42.87355,11.07361
42.71004,11.0818
42.72776,10.99748
42.72066,11.00029
42.72182,10.99943
42.69836,11.00172
42.71024,11.0818
42.75676,11.09192
42.87318,11.07108
42.76851,11.09632
42.7649,11.09581
42.76491,11.09579
42.75841,11.09498
42.763,11.09639
42.76458,11.12001
42.767,11.10913
42.75828,11.09977
42.87352,11.07361
42.76803,11.10903
42.76499,11.12239
42.76438,11.12188
42.76838,11.11794
42.76484,11.09573
42.76221,11.10949
42.76982,11.11379
42.78562,11.09902
42.76028,11.10059
42.78569,11.09903
42.76463,11.12099
42.76305,11.10876
42.76905,11.10854
42.76211,11.11059
42.76535,11.11982
42.76638,11.11257
42.76255,11.12491
42.76534,11.11924
42.76265,11.0963
42.75622,11.0986
42.76253,11.12771
42.76444,11.12193
42.76747,11.11601
42.76695,11.11451
42.76583,11.12089
42.76477,11.119
42.76702,11.11295
42.76494,11.09585
42.77312,11.10837
42.87316,11.07566
42.75841,11.10183
42.76287,11.10778
42.75868,11.10006
42.75827,11.10049
42.76111,11.09285
42.77074,11.10888
42.76353,11.09459
42.76317,11.12078
42.82827,11.0862
42.77079,11.12003
42.87442,11.07535
42.76224,11.08291
42.87089,11.07076
42.8735,11.0704
42.87589,11.07507
42.87344,11.07583
42.87341,11.07155
42.87314,11.0708
42.88206,11.07171
42.87451,11.07352
42.87358,11.0753
42.87097,11.06993
42.87083,11.06991
42.87101,11.06985
42.87688,11.07241
42.87119,11.07022
42.87061,11.06891
42.87362,11.07569
42.76824,11.11179
42.76123,11.10992
42.7679,11.11756
42.76667,11.11537
42.76139,11.10401
42.76336,11.10305
42.76441,11.10298
42.76669,11.11555
42.76603,11.10487
42.7612,11.10414
42.76078,11.10645
42.76068,11.10684
42.76404,11.1041
42.75988,11.10467
42.76424,11.10391
42.76588,11.10249
42.7673,11.10327
42.76719,11.10346
42.7534,11.11381
42.75897,11.11
42.75889,11.1101
42.7571,11.11436
42.75342,11.11379
42.7394,11.11016
42.74869,11.11478
42.76221,11.11768
42.75362,11.11238
42.76582,11.10246
42.76054,11.1189
42.76674,11.11558
42.76599,11.1049
42.76558,11.1164
42.75137,11.11236
42.76334,11.10325
42.74493,11.11042
42.76559,11.10513
42.73913,11.10938
42.76579,11.10474
42.76604,11.10319
42.75771,11.11217
42.75554,11.11134
42.76339,11.11579
42.76668,11.11553
42.76456,11.11521
42.75804,11.11607
42.75719,11.11477
42.75683,11.1155
42.76667,11.11551
42.76023,11.11882
42.74652,11.11118
42.75904,11.10987
42.76118,11.10458
42.76283,11.11821
42.75639,11.1135
42.75697,11.11148
42.76672,11.11546
42.76497,11.10587
42.75859,11.1159
42.76555,11.11549
42.76233,11.10732
42.737,11.11187
42.76493,11.11233
42.75497,11.11524
42.75599,11.11344
42.75764,11.11164
42.7392,11.10944
42.74289,11.1077
42.76541,11.11341
42.76104,11.11378
42.75567,11.11995
42.76136,11.12718
42.76064,11.12237
42.71938,10.98795
42.66132,11.11061
42.76317,11.12688
42.71886,10.98083
42.76249,11.11293
42.75824,11.12558
42.78197,11.12161
42.75934,11.11414
42.76533,11.14422
42.78027,11.18183
42.77638,11.10757
42.78577,11.09585
42.75058,11.10192
42.75006,11.12113
42.79378,11.08889
42.77222,11.16623
42.75985,11.11472
42.76094,11.11202
42.71693,10.98577
42.77792,11.1152
42.75251,11.00658
42.77905,11.18811
42.77689,11.11995
42.77634,11.12175
42.75863,11.11155
42.7577,11.11406
42.67146,11.12002
42.75096,11.1209
42.76999,11.09684
42.78055,11.18025
42.77277,11.11761
42.7739,11.16708
42.7585,11.12168
42.76464,11.14492
42.77429,11.16302
42.75473,11.11969
42.76114,11.11403
42.67693,11.16444
42.77771,11.0803
42.77404,11.16707
42.76208,11.11565
42.78167,11.12116
42.77679,11.09879
42.74404,10.9581
42.76059,11.1219
42.75926,11.11495
42.77223,11.16623
42.75626,11.12042
42.79059,11.08181
42.75535,11.10681
42.77898,11.11414
42.70647,11.13418
42.75905,11.11157
42.7464,11.11464
42.75658,11.11754
42.69154,11.13143
42.82329,11.02334
42.78275,11.19154
42.75156,11.10094
42.78037,11.1181
42.76214,11.12749
42.77357,11.12114
42.71762,10.98414
42.76079,11.11554
42.78398,11.13046
42.78903,11.13007
42.76132,11.12059
42.75207,11.11946
42.78117,11.18557
42.77391,11.09739
42.75866,11.11217
42.77378,11.10785
42.77144,11.09584
42.78343,11.1137
42.78305,11.18885
42.77549,11.10566
42.77714,11.10548
42.75341,11.12011
42.75982,11.12602
42.77549,11.11088
42.78303,11.11779
42.77416,11.11327
42.78143,11.11977
42.77721,11.10919
42.77698,11.119
42.75925,11.12377
42.78217,11.18926
42.758,11.12474
42.77316,11.16663
42.9187,10.76164
42.91871,10.76161
42.91994,10.7652
42.91865,10.76171
42.93386,10.76867
42.93346,10.7682
42.93362,10.76787
42.91902,10.76405
42.91899,10.76404
42.91889,10.76491
42.91911,10.76506
42.9191,10.76504
42.91965,10.76692
42.91866,10.76158
42.91911,10.76453
42.9196,10.76506
42.9194,10.76482
42.92232,10.76489
42.9224,10.76497
42.7689,11.10285
42.80404,11.07259
42.78778,11.09511
42.76174,11.11299
42.71718,10.98207
42.71581,10.9873
42.73871,10.97961
42.77709,11.12109
42.78329,11.09862
42.78106,11.11864
42.76,11.11556
42.76009,11.1153
42.7743,11.10809
42.77127,11.11857
42.76929,11.1028
42.77785,11.11434
42.76118,11.11473
42.77349,11.10652
42.75289,11.10998
42.78318,11.18963
42.75545,11.11832
42.78233,11.11781
42.78573,11.09903
42.78115,11.11933
42.78115,11.12018
42.78152,11.18708
42.76182,11.12363
42.75317,11.1145
42.76068,11.11423
42.77657,11.10652
42.77431,11.10865
42.79121,11.09241
42.7764,11.1068
42.75087,11.12068
42.76243,11.12867
42.79507,11.09098
42.78513,11.13128
42.7725,11.11242
42.75718,11.02042
42.77604,11.09809
42.75774,11.11386
42.70912,10.99057
42.77799,11.1099
42.77761,11.11965
42.77811,11.1047
42.75228,11.11895
42.78287,11.1924
42.77426,11.10922
42.78307,11.09877
42.7706,11.11758
42.77303,11.11669
42.75999,11.12786
42.78034,11.18454
42.77457,11.11368
42.77067,11.1174
42.77528,11.10482
42.77386,11.16339
42.75983,11.12072
42.77277,11.1174
42.77118,11.11573
42.77383,11.11099
42.77212,11.11508
42.77419,11.11092
42.77483,11.1049
42.78037,11.11895
42.77424,11.10173
42.77728,11.12176
42.76121,11.11606
42.77533,11.10657
42.75647,11.11909
42.75732,11.11521
42.77558,11.11585
42.76978,11.11597
42.77322,11.11042
42.76086,11.12817
42.7748,11.10468
42.78299,11.11422
42.77978,11.11598
42.76149,11.12761
42.77986,11.11583
42.81225,11.06983
42.78583,11.13323
42.77453,11.11001
42.6949,11.10134
42.75546,11.1201
42.75711,11.1215
42.78191,11.12169
42.7776,11.11522
42.71767,10.98301
42.74782,10.98607
42.77974,11.17651
42.75413,11.12102
42.77607,11.12089
42.78697,11.134
42.78088,11.18481
42.77298,11.11297
42.77164,11.0966
42.75837,11.12619
42.77779,11.11968
42.77776,11.12238
42.75447,11.12109
42.75846,11.11266
42.76904,11.10303
42.78226,11.12057
42.78054,11.11642
42.77844,11.1144
42.7529,11.11856
42.75501,11.10994
42.77561,11.10631
42.77816,11.12069
42.76085,11.11495
42.77545,11.10548
42.7613,11.12096
42.78418,11.12097
42.77807,11.10469
42.71336,11.1605
42.7733,11.11204
42.78195,11.11569
42.78573,11.09904
42.77584,11.10937
42.76535,11.10072
42.77949,11.11918
42.77011,11.09858
42.77049,11.09325
42.77839,11.10965
42.7738,11.10296
42.75469,11.10929
42.76786,11.1
42.7823,11.11783
42.77945,11.114
42.76039,11.12069
42.75549,11.10676
42.75932,11.11493
42.76006,11.11571
42.75906,11.11372
42.77837,11.09868
42.78089,11.17949
42.75499,11.10955
42.75505,11.10979
42.79538,11.09199
42.76823,11.10311
42.76912,11.11907
42.75311,11.10671
42.76996,11.10318
42.77793,11.09833
42.76235,11.12813
42.77153,11.09707
42.75361,11.12282
42.76637,11.1
42.77439,11.10575
42.76313,11.11284
42.77416,11.16255
42.7737,11.1185
42.64051,11.13307
42.77745,11.11522
42.77219,11.09925
42.77691,11.10678
42.76128,11.12093
42.76974,11.11865
42.7825,11.18717
42.77974,11.17645
42.75611,11.11801
42.76003,11.11839
42.79668,11.092
42.77423,11.10113
42.77512,11.09045
42.8209,11.0574
42.7751,11.10131
42.77055,11.11655
42.77026,11.14081
42.7718,11.10069
42.74981,11.09646
42.78552,11.13151
42.75437,11.12262
42.76284,11.13141
42.77395,11.1108
42.76164,11.11476
42.77911,11.11477
42.67508,11.10809
42.76927,11.09924
42.77504,11.10043
42.77672,11.08337
42.77839,11.09861
42.77166,11.09702
42.77536,11.0994
42.7511,11.10124
42.7922,11.08431
42.78127,11.1865
42.77655,11.10219
42.75644,11.11904
42.7783,11.07191
42.7767,11.10727
42.75849,11.11262
42.77889,11.09992
42.7831,11.09761
42.82472,11.05913
42.70379,11.14429
42.73829,10.98022
42.75274,11.00223
42.7591,11.12634
42.80919,11.03731
42.76208,11.01666
42.68593,11.09517
42.79096,11.09194
42.77775,11.11899
42.75972,11.11266
42.67592,11.08438
42.75037,11.12094
42.66624,11.10874
42.77266,11.11018
42.71891,10.99096
42.77731,11.11965
42.77482,11.11814
42.78185,11.12317
42.77278,11.10639
42.77305,11.11345
42.78055,11.11985
42.77512,11.10195
42.75681,11.11805
42.76317,11.12653
42.75624,11.12103
42.77004,11.12024
42.77716,11.10653
42.78343,11.05872
42.77285,11.11176
42.79047,11.09756
42.77157,11.09059
42.7571,11.10932
42.75616,11.10922
42.71026,10.99112
42.76824,11.09991
42.79946,11.10353
42.77714,11.10146
42.77163,11.11476
42.79517,11.09115
42.77428,11.10851
42.77591,11.10707
42.77512,11.14147
42.75964,11.11596
42.77834,11.11424
42.7563,11.11025
42.77139,11.10094
42.76286,11.12775
42.77786,11.10476
42.76369,11.13192
42.77672,11.10653
42.76154,11.11506
42.77454,11.09363
42.7594,11.12222
42.75087,11.10961
42.76799,11.10246
42.75029,11.10115
42.7704,11.10177
42.72405,10.99578
42.70555,11.13073
42.76877,11.10133
42.77059,11.10117
42.77201,11.09623
42.78879,11.09404
42.77805,11.10454
42.77672,11.11525
42.77894,11.07709
42.77288,11.10662
42.76559,11.10105
42.75079,11.12334
42.82225,11.0954
42.77273,11.09685
42.78216,11.19069
42.71749,10.98672
42.7174,10.98333
42.71602,10.98433
42.75446,11.10976
42.76979,11.09896
42.76112,11.12018
42.77166,11.09967
42.76953,11.10035
42.76991,11.09977
42.77568,11.11745
42.75461,11.109
42.77197,11.11354
42.77783,11.09834
42.77576,11.10495
42.77533,11.10482
42.77316,11.11356
42.77112,11.12183
42.75528,11.1092
42.76757,11.10187
42.75998,11.12271
42.76357,11.132
42.71797,10.9838
42.76722,11.10056
42.7912,11.09239
42.76892,11.09304
42.7544,11.10799
42.76912,11.09721
42.77411,11.10264
42.76808,11.10149
42.7764,11.10171
42.77029,11.10269
42.77662,11.10783
42.77486,11.09929
42.76032,11.12027
42.77059,11.09555
42.77291,11.11011
42.77861,11.12075
42.77378,11.10145
42.77874,11.11466
42.78418,11.11413
42.7709,11.09952
42.7841,11.09817
42.75338,11.10671
42.78335,11.09887
42.77599,11.1008
42.78533,11.13128
42.77698,11.1015
42.77256,11.11461
42.77748,11.11606
42.77938,11.1145
42.71663,10.98878
42.74494,10.99731
42.78003,11.11862
42.75676,11.10864
42.78017,11.11607
42.77697,11.09889
42.67859,11.14618
42.7619,11.11411
42.79219,11.10389
42.75066,11.10855
42.75017,11.09894
42.75152,11.10842
42.75359,11.11099
42.78484,11.09569
42.77178,11.0902
42.77534,11.09711
42.77657,11.09793
42.7777,11.0983
42.77136,11.09534
42.76056,11.11261
42.75192,11.10611
42.77161,11.09997
42.76169,11.12831
42.7676,11.10231
42.77989,11.11892
42.75123,11.10506
42.75502,11.10888
42.77183,11.11413
42.75964,11.12531
42.76846,11.10009
42.75635,11.11764
42.77288,11.12089
42.71078,11.15914
42.78945,11.09624
42.78968,11.09529
42.76643,11.11765
42.76701,11.10022
42.76189,11.12239
42.75008,11.10435
42.766,11.10076
42.77195,11.10065
42.77958,11.18493
42.7833,11.18851
42.78212,11.18999
42.71802,10.9832
42.79151,11.09674
42.71887,10.98908
42.75085,11.12144
42.78989,11.10283
42.78139,11.12152
42.7653,11.1007
42.77596,11.098
42.75961,11.11547
42.70784,11.135
42.75534,11.10879
42.75668,11.11799
42.8833,11.08681
42.77807,11.10455
42.75247,11.10766
42.76587,11.1328
42.76099,11.11406
42.75981,11.12075
42.76753,11.10121
42.7707,11.13921
42.75472,11.10967
42.76299,11.1125
42.7774,11.10106
42.76139,11.11312
42.79098,11.08234
42.7731,11.16271
42.78207,11.12224
42.75988,11.1151
42.78341,11.09673
42.77675,11.12132
42.67764,11.11287
42.78562,11.09872
42.77356,11.09717
42.77286,11.1014
42.75114,11.1021
42.76161,11.11489
42.77978,11.09876
42.78335,11.09885
42.75999,11.11592
42.76018,11.11611
42.75887,11.11481
42.77481,11.11125
42.79209,11.09446
42.7954,11.092
42.77696,11.11913
42.7695,11.21122
42.77201,11.10004
42.77386,11.10785
42.76339,11.13325
42.78913,11.09418
42.75951,11.12568
42.78355,11.11548
42.77,11.21122
42.76218,11.12405
42.77599,11.11847
42.75886,11.1148
42.77913,11.12445
42.78193,11.12233
42.76118,11.12239
42.75227,11.10314
42.76184,11.12231
42.77655,11.11759
42.77806,11.11052
42.75565,11.12022
42.79337,11.16117
42.75657,11.10808
42.75049,11.10257
42.75792,11.10885
42.76043,11.12381
42.7618,11.12475
42.7746,11.10007
42.75112,11.10214
42.77427,11.10051
42.761,11.11347
42.76947,11.10049
42.76525,11.10133
42.75112,11.10451
42.75545,11.02935
42.75186,11.10048
42.75906,11.11128
42.7616,11.11205
42.77415,11.10175
42.77331,11.10287
42.76125,11.11566
42.76358,11.1467
42.75526,11.10782
42.75756,11.11861
42.76957,11.11945
42.75608,11.12111
42.78817,11.09868
42.77637,11.10025
42.77462,11.09983
42.76094,11.11479
42.76522,11.10108
42.75078,11.10716
42.70271,11.14541
42.753,11.01001
42.75963,11.11378
42.65716,11.14195
42.75306,11.00979
42.76531,11.101
42.76267,11.12721
42.77231,11.1007
42.77081,11.10118
42.75914,11.11367
42.77479,11.1178
42.75637,11.11878
42.7394,11.03815
42.77116,11.09956
42.77073,11.09987
42.76147,11.12799
42.77162,11.09858
42.76086,11.12088
42.76186,11.1229
42.7518,11.10247
42.76092,11.11441
42.77648,11.10695
42.77242,11.09624
42.76598,11.09199
42.75858,11.11123
42.77646,11.11947
42.77632,11.11764
42.77048,11.12271
42.77631,11.09855
42.77508,11.09772
42.75013,11.10984
42.75122,11.10891
42.75448,11.10906
42.77437,11.1017
42.75051,11.10201
42.77108,11.10143
42.75643,11.11871
42.76038,11.12364
42.77026,11.10135
42.76107,11.1138
42.75708,11.10875
42.75105,11.10548
42.7607,11.11324
42.73888,11.13598
42.77716,11.10152
42.75963,11.11112
42.75957,11.1154
42.75484,11.10892
42.77462,11.11119
42.70751,11.1339
42.76813,11.10297
42.77526,11.10126
42.76147,11.12868
42.7602,11.11142
42.75077,11.10609
42.77544,11.10175
42.77036,11.10012
42.77413,11.11223
42.761,11.11225
42.77676,11.10037
42.7154,10.98315
42.77087,11.09979
42.75291,11.11021
42.75856,11.12154
42.7514,11.10562
42.78045,11.11833
42.76164,11.11207
42.75088,11.09999
42.77138,11.12175
42.77681,11.10128
42.7741,11.10062
42.75016,11.10584
42.75103,11.10566
42.75022,11.10691
42.77601,11.12048
42.76115,11.11401
42.75037,11.1046
42.75233,11.10372
42.70512,11.1376
42.77412,11.0937
42.77328,11.10154
42.75465,11.10766
42.74973,11.10985
42.77499,11.10109
42.78036,11.09858
42.77391,11.10666
42.77611,11.10883
42.75917,11.12549
42.76017,11.11358
42.73157,11.18902
42.76,11.12066
42.78086,11.11561
42.75502,11.106
42.75959,11.11537
42.76719,11.08873
42.75214,11.10564
42.78575,11.09902
42.75554,11.1096
42.75063,11.09977
42.75217,11.10155
42.76996,11.1214
42.76987,11.11615
42.75357,11.11971
42.78137,11.12472
42.77729,11.10506
42.7633,11.11251
42.75837,11.12687
42.75936,11.1149
42.75991,11.11483
42.75417,11.10995
42.76013,11.11475
42.77396,11.07454
42.75035,11.10705
42.75748,11.03566
42.77375,11.09468
42.77421,11.09372
42.77351,11.09685
42.76233,11.113
42.7485,10.95986
42.73472,10.97201
42.77207,11.11639
42.74031,11.03142
42.73867,10.96148
42.72414,10.99585
42.77722,11.06553
42.78961,11.08497
42.77795,11.10478
42.79662,11.08484
42.75236,11.10793
42.71297,11.15519
42.76085,11.11279
42.76843,11.12968
42.76598,11.092
42.75965,11.12515
42.75945,11.11509
42.7612,11.1157
42.7159,10.98547
42.78598,11.09758
42.77038,11.10031
42.71599,10.9837
42.75564,11.10854
42.75493,11.10886
42.75418,11.10919
42.75032,11.12031
42.75952,11.11394
42.76207,11.11292
42.76017,11.11281
42.75047,11.10007
42.77116,11.09938
42.75182,11.10279
42.77547,11.0955
42.75474,11.10945
42.75474,11.10944
42.77134,11.09544
42.78811,11.09529
42.77026,11.10136
42.77087,11.09531
42.66999,11.10672
42.77106,11.09581
42.71762,10.98737
42.71746,10.98767
42.71938,10.98796
42.78318,11.11746
42.77004,11.09505
42.76881,11.0935
42.75228,11.11079
42.75125,11.10665
42.75079,11.10726
42.75707,11.10806
42.7726,11.09469
42.76226,11.11293
42.7614,11.12328
42.76149,11.12834
42.75613,11.10945
42.755,11.10958
42.7583,11.11163
42.74977,11.10959
42.75039,11.10951
42.74979,11.10953
42.75142,11.10851
42.75116,11.10904
42.75079,11.10272
42.7715,11.09957
42.77215,11.09976
42.77166,11.0999
42.75425,11.10703
42.77158,11.09687
42.72175,10.98158
42.71925,10.9822
42.75119,11.10434
42.75026,11.10591
42.75029,11.10588
42.71413,10.98398
42.77195,11.12153
42.77039,11.12272
42.7697,11.12234
42.77084,11.12053
42.77094,11.11665
42.75385,11.10981
42.75682,11.12083
42.77561,11.10637
42.77393,11.10623
42.77604,11.10586
42.72224,10.97807
42.71667,10.98577
42.77788,11.09989
42.75082,11.11168
42.76357,11.1302
42.76194,11.12596
42.76785,11.11872
42.77719,11.12053
42.75749,11.12205
42.75815,11.12341
42.78854,11.09713
42.75695,11.10981
42.75517,11.11122
42.75827,11.11218
42.71688,10.98458
42.78577,11.09902
42.77535,11.10995
42.75911,11.12497
42.69411,11.10226
42.7608,11.12197
42.7809,11.11602
42.78412,11.11319
42.76069,11.12055
42.72691,10.97528
42.77277,11.11003
42.77512,11.11778
42.77283,11.11184
42.75422,11.12108
42.77587,11.10445
42.77977,11.17647
42.76027,11.11985
42.77547,11.11073
42.78886,11.09668
42.75013,11.1214
42.77551,11.11049
42.76817,11.10314
42.88262,11.08679
42.77182,11.11452
42.75904,11.10905
42.76307,11.11281
42.76337,11.113
42.87375,11.06485
42.74851,10.93611
42.77195,11.11593
42.77362,11.10884
42.75165,11.10555
42.76924,11.10045
42.75118,11.10138
42.7559,11.11834
42.77713,11.1014
42.78286,11.09797
42.75042,11.12024
42.75938,11.11376
42.77718,11.11582
42.77866,11.07018
42.78238,11.1127
42.77412,11.09363
42.72015,10.98352
42.75404,11.11073
42.78279,11.1908
42.78304,11.18961
42.77055,11.09517
42.77227,11.09662
42.77947,11.09933
42.77192,11.0974
42.71745,10.98649
42.71582,10.98612
42.78414,11.13498
42.76182,11.12227
42.75423,11.11017
42.75833,11.11115
42.75525,11.10771
42.75487,11.10707
42.75135,11.10499
42.77504,11.10115
42.75533,11.10892
42.75976,11.12763
42.77243,11.11238
42.71615,10.98518
42.7784,11.10368
42.77728,11.10509
42.76281,11.11297
42.76211,11.12866
42.7856,11.09533
42.77766,11.12211
42.7784,11.07117
42.77514,11.11802
42.77623,11.1087
42.75905,11.12562
42.75283,11.10646
42.71669,10.98557
42.76929,11.10056
42.76884,11.10316
42.74642,11.11453
42.75998,11.11496
42.77564,11.09897
42.78556,11.09859
42.75511,11.10957
42.77627,11.11763
42.75053,11.1013
42.75093,11.12072
42.76179,11.1123
42.75568,11.12008
42.77623,11.10112
42.71802,10.98232
42.75068,11.12151
42.7684,11.1023
42.77642,11.11795
42.75388,11.10926
42.76205,11.11296
42.73138,10.97876
42.88173,11.08622
42.75197,11.11039
42.66872,11.1075
42.75837,11.12568
42.75943,11.12571
42.72782,10.99995
42.72946,11.14323
42.75846,11.1274
42.71436,11.15058
42.69786,11.16474
42.75629,11.12124
42.75523,11.12086
42.75684,11.1181
42.75011,11.1081
42.76183,11.11371
42.7558,11.11862
42.75523,11.11996
42.75412,11.12087
42.70962,11.14281
42.7354,10.97001
42.76143,11.1279
42.75925,11.11542
42.77861,11.11419
42.76085,11.12199
42.76077,11.12224
42.75507,11.11862
42.7632,11.12677
42.7583,11.12549
42.7583,11.12551
42.75706,11.10808
42.75713,11.10789
42.7534,11.10735
42.75962,11.11274
42.73881,11.13622
42.75426,11.12236
42.75894,11.12312
42.75677,11.12119
42.75678,11.12096
42.7723,11.11234
42.7529,11.12005
42.78951,11.09199
42.76312,11.11255
42.75811,11.12597
42.76153,11.1285
42.7394,10.9806
42.75809,11.12105
42.76455,11.11839
42.75943,11.12426
42.76173,11.11945
42.76348,11.14776
42.76524,11.14994
42.77905,11.1829
42.7789,11.18755
42.77899,11.18804
42.76872,11.11907
42.75459,11.11949
42.76104,11.11363
42.75786,11.12587
42.75817,11.12241
42.77651,11.10704
42.75091,11.10959
42.75248,11.10427
42.77459,11.10055
42.7746,11.10002
42.77565,11.11941
42.76149,11.12306
42.76895,11.16351
42.75306,11.11846
42.81192,11.0698
42.76113,11.11416
42.75996,11.17057
42.85319,11.07772
42.7378,11.15048
42.7606,11.11549
42.74567,10.99357
42.74741,11.01294
42.76119,11.12241
42.76956,11.2104
42.76012,11.03657
42.75997,11.12259
42.7583,11.12666
42.76166,11.11262
42.77832,11.11424
42.77079,11.14386
42.71591,10.98748
42.7604,11.11243
42.75632,11.12233
42.75256,11.11006
42.7741,11.16887
42.7738,11.10133
42.76166,11.11263
42.70782,11.1406
42.76158,11.12186
42.71948,11.14961
42.7619,11.13178
42.77473,11.142
42.77119,11.09263
42.76584,11.1329
42.77713,11.09895
42.88215,11.08662
42.76762,11.10122
42.75624,11.12105
42.76927,11.16357
42.77879,11.18775
42.77983,11.17724
42.7553,11.11868
42.77818,11.11021
42.75807,11.12229
42.75557,11.12016
42.75907,11.11384
42.7601,11.12259
42.66762,11.14806
42.75555,11.11739
42.76063,11.12245
42.78598,11.11791
42.76368,11.1319
42.76178,11.12827
42.77936,11.18244
42.77475,11.11089
42.75072,11.10717
42.763,11.13129
42.77577,11.10452
42.78807,11.09808
42.77843,11.16508
42.7786,11.11086
42.77502,11.10987
42.75229,11.1074
42.75869,11.12742
42.75937,11.113
42.78787,11.09487
42.70992,11.13282
42.75956,11.11482
42.78573,11.09537
42.78556,11.12031
42.77105,11.09445
42.78306,11.09906
42.77543,11.10456
42.77336,11.11629
42.78444,11.12696
42.7388,11.17147
42.77832,11.11425
42.7881,11.09902
42.76104,11.11321
42.76087,11.1467
42.7095,11.14139
42.80971,11.0422
42.71708,11.15023
42.77693,11.06495
42.77438,11.11112
42.76999,11.1406
42.77712,11.10093
42.70784,11.14081
42.77886,11.07747
42.75892,11.12482
42.77057,11.09658
42.77275,11.09678
42.75336,11.10625
42.75895,11.1248
42.76097,11.11248
42.75419,11.1224
42.75287,11.12006
42.75908,11.1273
42.78365,11.11933
42.77256,11.11463
42.75346,11.10783
42.75782,11.11892
42.7598,11.12167
42.75031,11.10456
42.77636,11.10592
42.75584,11.12089
42.76135,11.1288
42.76113,11.12012
42.76179,11.12273
42.76872,11.16115
42.77977,11.17759
42.78054,11.18126
42.77853,11.1845
42.76201,11.12599
42.78031,11.17813
42.78658,11.12782
42.75813,11.11346
42.776,11.11928
42.77551,11.11669
42.78675,11.11917
42.77843,11.11425
42.76099,11.11274
42.77512,11.10131
42.76287,11.13004
42.7734,11.10738
42.76493,11.12802
42.762,11.12758
42.75817,11.10932
42.76161,11.11491
42.77352,11.10736
42.71766,10.98511
42.77752,11.105
42.76049,11.11668
42.77985,11.17654
42.77058,11.04453
42.78317,11.11403
42.77441,11.10969
42.77281,11.10987
42.78244,11.11743
42.78341,11.11308
42.78405,11.11282
42.75027,11.12056
42.7765,11.12123
42.77523,11.11802
42.77933,11.11608
42.78385,11.11988
42.64619,11.13714
42.77766,11.11524
42.77786,11.11517
42.78443,11.11352
42.784,11.11449
42.78162,11.11721
42.77458,11.10512
42.77669,11.11938
42.72403,11.14526
42.76136,11.11521
42.76365,11.11184
42.79199,11.09441
42.76123,11.11561
42.77672,11.10426
42.77515,11.09811
42.78725,11.09809
42.77727,11.11991
42.76023,11.11339
42.77863,11.11424
42.77641,11.10956
42.7765,11.1068
42.77269,11.12337
42.77621,11.11766
42.76154,11.11508
42.77533,11.11865
42.75063,11.12128
42.77201,11.11401
42.77467,11.1047
42.78235,11.11813
42.77347,11.11258
42.75867,11.11462
42.78884,11.097
42.77106,11.11972
42.77322,11.11623
42.75919,11.11423
42.77282,11.11401
42.69389,11.10689
42.67943,11.14963
42.69037,11.15123
42.76605,11.16105
42.78317,11.11398
42.77116,11.12165
42.74279,11.15935
42.65741,11.14011
42.78334,11.09883
42.77843,11.11494
42.77049,11.09548
42.75916,11.12523
42.78154,11.1185
42.70829,11.15396
42.77122,11.10096
42.80465,11.02362
42.7772,11.11537
42.78159,11.1129
42.77901,11.18813
42.78188,11.18872
42.77962,11.11381
42.779,11.18809
42.77737,11.11547
42.75129,11.10689
42.77742,11.06524
42.77439,11.10968
42.75643,11.12025
42.78152,11.11285
42.77139,11.16532
42.77521,11.11735
42.78302,11.11941
42.77208,11.11363
42.75952,11.1149
42.78122,11.18508
42.75342,11.10884
42.78043,11.12162
42.77779,11.11472
42.77884,11.11414
42.77201,11.11968
42.77868,11.12086
42.77798,11.11848
42.77317,11.1111
42.77056,11.1179
42.77366,11.10682
42.77335,11.11257
42.77406,11.11256
42.77408,11.16727
42.77216,11.10867
42.77468,11.11008
42.77963,11.17563
42.78143,11.18633
42.77578,11.12371
42.77342,11.1639
42.77355,11.16613
42.7857,11.09902
42.77789,11.11862
42.77038,11.14072
42.77494,11.1045
42.69117,11.1467
42.90411,11.0307
42.77811,11.12035
42.77025,11.09988
42.77455,11.16241
42.75254,11.00191
42.77689,11.10694
42.76542,11.15174
42.77587,11.10586
42.71062,11.16023
42.73766,10.9788
42.7607,11.19285
42.7785,11.11398
42.78374,11.11513
42.77213,11.10867
42.75576,11.11869
42.77628,11.10428
42.77623,11.12107
42.78333,11.19083
42.75829,11.12541
42.71812,11.13962
42.70625,11.13133
42.7845,11.13436
42.68195,11.11229
42.7831,11.19071
42.77854,11.11418
42.66488,11.14191
42.759,11.12555
42.68325,11.08869
42.76044,11.12096
42.76024,11.11608
42.69044,11.15123
42.77893,11.11382
42.75812,11.12091
42.77203,11.11389
42.7814,11.12404
42.77392,11.10606
42.76593,11.16011
42.79882,11.09469
42.79129,11.09264
42.77084,11.09873
42.70532,11.1344
42.88301,11.08597
42.74542,11.1161
42.74504,11.11614
42.76121,11.11317
42.7604,11.1142
42.76208,11.11298
42.75917,11.11372
42.7784,11.11431
42.73757,10.97848
42.76086,11.11543
42.77147,11.09099
42.77228,11.11312
42.77724,11.10884
42.77443,11.1078
42.75401,11.10724
42.66885,11.10571
42.77348,11.1638
42.75768,11.12179
42.75151,11.10129
42.79311,11.0954
42.78007,11.18191
42.77477,11.11086
42.78383,11.13039
42.70784,11.14048
42.67002,11.106
42.75973,11.11522
42.78106,11.18617
42.77373,11.11711
42.76484,11.15737
42.77893,11.21431
42.76543,11.15176
42.76273,11.12781
42.77269,11.1234
42.66781,11.10495
42.74487,11.01016
42.77475,11.09999
42.77982,11.18486
42.76963,11.09991
42.75994,11.12237
42.75687,11.10873
42.77676,11.09854
42.77061,11.09827
42.79095,11.09562
42.76065,11.12261
42.79292,11.09504
42.79226,11.10318
42.79538,11.09198
42.77264,11.09672
42.7741,11.11255
42.77042,11.10171
42.77958,11.11484
42.75903,11.11128
42.77543,11.1621
42.70617,11.13873
42.77346,11.16374
42.78046,11.18503
42.77417,11.10233
42.70819,11.14088
42.77309,11.10221
42.76482,11.14668
42.7047,11.13723
42.70536,11.1327
42.78098,11.12403
42.7725,11.11463
42.77554,11.11103
42.77496,11.11886
42.77234,11.16696
42.72458,10.97406
42.77586,11.10441
42.77208,11.10856
42.78888,11.0967
42.74643,11.11456
42.77128,11.12173
42.77571,11.11901
42.77356,11.10733
42.7456,10.9934
42.78941,11.09442
42.78082,11.17967
42.7571,11.026
42.75852,11.12229
42.70975,11.13291
42.76523,11.09338
42.78091,11.11761
42.77539,11.11875
42.772,11.11403
42.78032,11.17681
42.77976,11.1758
42.77338,11.11234
42.77405,11.11256
42.77726,11.11889
42.75644,11.1179
42.78242,11.11747
42.7854,11.13069
42.77244,11.11214
42.77298,11.11114
42.75037,11.12026
42.78068,11.17923
42.75374,11.1094
42.78428,11.11422
42.77332,11.16289
42.77268,11.16261
42.78143,11.12402
42.7086,11.13268
42.78152,11.18577
42.77485,11.09413
42.75668,11.10853
42.77519,11.10104
42.77297,11.11113
42.77456,11.11106
42.77514,11.10118
42.7742,11.11263
42.75352,11.10924
42.75552,11.10873
42.72279,11.1382
42.77568,11.09993
42.77094,11.09669
42.78747,11.0987
42.777,11.09749
42.75556,11.10948
42.90586,11.06754
42.76237,11.12741
42.76788,11.1428
42.79015,11.09219
42.76794,11.15448
42.7942,11.0892
42.77264,11.16553
42.78279,11.19181
42.78333,11.09721
42.75459,11.11951
42.78226,11.1911
42.77943,11.18867
42.76152,11.12304
42.77776,11.1187
42.7617,11.12769
42.78278,11.19181
42.78931,11.09422
42.75908,11.12665
42.66806,11.10854
42.75365,11.18134
42.78696,11.09853
42.76976,11.09789
42.66786,11.10737
42.755,11.10899
42.76121,11.12066
42.76039,11.1214
42.77245,11.11755
42.79025,11.09207
42.79121,11.09204
42.791,11.08991
42.79576,11.09241
42.78579,11.099
42.77513,11.08727
42.76995,11.1185
42.7758,11.10623
42.76503,11.09614
42.77454,11.1624
42.77319,11.09595
42.88293,11.08764
42.6966,11.1375
42.79104,11.09566
42.77002,11.09888
42.79348,11.0884
42.77053,11.09355
42.75058,11.10966
42.75688,11.10742
42.75117,11.10325
42.88293,11.08707
42.88258,11.08693
42.88289,11.08678
42.8364,11.05104
42.77831,11.11434
42.79017,11.09819
42.75992,11.12241
42.71887,10.97977
42.77519,11.09826
42.76147,11.1219
42.77305,11.09718
42.70817,11.13326
42.77176,11.16504
42.77109,11.09814
42.73901,10.97713
42.75937,11.12549
42.77157,11.09736
42.76622,11.05191
42.74281,11.03216
42.75916,11.11131
42.76072,11.12074
42.75624,11.11758
42.77539,11.09583
42.75019,11.12116
42.74997,11.1216
42.75779,11.10847
42.77432,11.09452
42.76163,11.12847
42.76244,11.11275
42.77514,11.11022
42.79175,11.09453
42.76162,11.12219
42.79105,11.09566
42.75916,11.1267
42.75919,11.1265
42.80986,11.0431
42.74568,10.99362
42.75468,11.12135
42.76085,11.12189
42.75132,11.10676
42.76061,11.12192
42.7604,11.1216
42.72365,10.97718
42.75082,11.11151
42.75301,11.10752
42.75224,11.10809
42.77446,11.10215
42.75111,11.10222
42.75153,11.10101
42.7615,11.12674
42.75217,11.10103
42.76143,11.12318
42.75236,11.11662
42.75242,11.11886
42.77963,11.18503
42.77603,11.0969
42.66906,11.1067
42.78326,11.09722
42.76099,11.12228
42.77324,11.09395
42.77339,11.0948
42.77553,11.0956
42.77539,11.09574
42.7712,11.09565
42.77539,11.09575
42.77757,11.09929
42.78035,11.18453
42.78037,11.18458
42.6689,11.10739
42.75523,11.10687
42.75931,11.12535
42.7593,11.12536
42.75334,11.10353
42.76071,11.12077
42.75038,11.10444
42.75895,11.12137
42.76204,11.12751
42.76163,11.12846
42.76088,11.12704
42.76343,11.1329
42.75095,11.10962
42.75093,11.10271
42.78577,11.09901
42.75557,11.10739
42.76971,11.09821
42.76877,11.09681
42.76054,11.12319
42.76146,11.12228
42.71722,10.98872
42.75389,11.10959
42.75316,11.10964
42.75998,11.12834
42.75686,11.12089
42.75739,11.12178
42.75679,11.121
42.75632,11.12073
42.75649,11.11894
42.75992,11.12611
42.77545,11.09659
42.75247,11.11864
42.75987,11.12171
42.75693,11.10895
42.75906,11.12782
42.75824,11.12569
42.75495,11.10247
42.75135,11.10223
42.7748,11.09681
42.75481,11.12136
42.75804,11.12115
42.75565,11.12112
42.76048,11.12007
42.77119,11.09567
42.75245,11.1188
42.77518,11.09745
42.77621,11.09704
42.77681,11.09797
42.77821,11.09865
42.77847,11.09857
42.77829,11.09855
42.77313,11.09523
42.77232,11.09696
42.77673,11.09883
42.7698,11.0978
42.77023,11.0967
42.77251,11.09627
42.75826,11.12583
42.75661,11.1178
42.77422,11.09458
42.79126,11.09577
42.76218,11.12745
42.76185,11.12284
42.77362,11.16897
42.76169,11.12212
42.76178,11.12495
42.75805,11.10907
42.78336,11.0989
42.75831,11.12456
42.75814,11.1258
42.7533,11.10867
42.75049,11.10964
42.75093,11.11923
42.76898,11.09739
42.75509,11.10964
42.78464,11.09292
42.66484,11.131
42.75636,11.11874
42.77858,11.10085
42.78362,11.09691
42.76031,11.12067
42.77876,11.12105
42.69073,11.13244
42.68566,11.09524
42.78605,11.11858
42.76282,11.11262
42.77545,11.09533
42.70845,11.1325
42.76147,11.12297
42.76207,11.12569
42.75885,11.11238
42.7784,11.11429
42.75861,11.1223
42.75959,11.113
42.66983,11.10683
42.75984,11.11653
42.8121,11.06898
42.70732,11.13737
42.75956,11.12808
42.75047,11.10598
42.76055,11.1136
42.76024,11.11337
42.79226,11.0844
42.82433,11.09257
42.78288,11.09797
42.78209,11.19051
42.79301,11.11096
42.75867,11.11438
42.75957,11.12508
42.77565,11.09593
42.77618,11.09579
42.70712,11.13736
42.7169,10.98584
42.90588,11.06752
42.75965,11.11292
42.76234,11.11422
42.75961,11.11297
42.76007,11.12351
42.76067,11.12257
42.90752,11.07512
42.75982,11.11243
42.70511,11.13759
42.75904,11.12228
42.76236,11.11308
42.77737,11.09814
42.75799,11.11167
42.75962,11.11534
42.76024,11.1151
42.78424,11.09693
42.7505,11.106
42.75963,11.11482
42.79847,11.15284
42.77233,11.09601
42.76183,11.11199
42.78942,11.0944
42.90191,11.09279
42.77761,11.11485
42.85439,11.07772
42.75068,11.1085
42.76183,11.11213
42.75713,11.11843
42.81517,11.02505
42.75986,11.11457
42.71735,10.98266
42.75908,11.11492
42.77283,11.0954
42.75753,11.12199
42.75233,11.10332
42.7587,11.11438
42.75943,11.11491
42.78682,11.09619
42.7617,11.11479
42.75854,11.1248
42.78235,11.11812
42.75953,11.11381
42.75524,11.10909
42.76047,11.12008
42.76048,11.11258
42.68342,11.08876
42.88176,11.07171
42.76103,11.11368
42.76021,11.11528
42.76083,11.11509
42.70692,11.13702
42.75886,11.11427
42.76165,11.11486
42.75861,11.11439
42.75671,11.12109
42.80988,11.03875
42.76066,11.112
42.75471,11.12153
42.8075,11.13219
42.7613,11.11482
42.78988,11.09829
42.7583,11.11301
42.76057,11.12006
42.8849,11.07347
42.76176,11.11313
42.79801,10.99465
42.78156,11.09858
42.76218,11.12732
42.75443,11.10902
42.7612,11.11582
42.76126,11.11459
42.75694,11.10831
42.7584,11.11186
42.75916,11.12622
42.7495,11.12122
42.75853,11.11116
42.77579,11.09867
42.76237,11.11275
42.75819,11.12101
42.75998,11.11488
42.83477,11.06134
42.75384,11.11379
42.83982,11.03905
42.75421,11.10722
42.77265,11.09672
42.76099,11.11419
42.76168,11.12215
42.79225,11.0844
42.76193,11.12488
42.7618,11.11199
42.76153,11.11503
42.80401,11.08229
42.76235,11.11297
42.90771,11.07516
42.87865,11.07277
42.75796,11.11361
42.75902,11.11428
42.7597,11.11386
42.8545,11.06245
42.76238,11.11274
42.76091,11.11274
42.76615,11.11712
42.76591,11.10819
42.76503,11.11119
42.76373,11.10921
42.76299,11.10986
42.76434,11.12189
42.76029,11.10058
42.76126,11.09695
42.76748,11.10787
42.87367,11.07332
42.76515,11.10862
42.7628,11.11917
42.76518,11.10884
42.69418,11.04129
42.76955,11.1227
42.7634,11.12202
42.76388,11.09689
42.76511,11.10859
42.76675,11.09831
42.7699,11.11641
42.76439,11.1178
42.76154,11.099
42.76184,11.10983
42.76702,11.11487
42.76622,11.10819
42.72635,11.00318
42.7626,11.08109
42.76342,11.11112
42.76417,11.12547
42.87352,11.07559
42.7688,11.11064
42.76263,11.09509
42.73054,10.99552
42.76445,11.12186
42.87244,11.07097
42.87107,11.06993
42.87474,11.07521
42.87499,11.07451
42.76544,11.11104
42.76982,11.11644
42.76983,11.11485
42.76993,11.11404
42.76118,11.09901
42.76028,11.11026
42.76978,11.11525
42.76789,11.11977
42.87107,11.06999
42.76625,11.09653
42.87489,11.07658
42.76793,11.09778
42.76166,11.09246
42.75325,11.09782
42.75504,11.14776
42.7644,11.11778
42.76091,11.09601
42.75246,11.09783
42.76986,11.11478
42.76468,11.11903
42.76789,11.11975
42.76404,11.1196
42.7585,11.09768
42.766,11.11032
42.76066,11.09577
42.76036,11.09326
42.76287,11.09406
42.76502,11.10742
42.76867,11.11066
42.76493,11.10853
42.87422,11.07218
42.76382,11.11896
42.76714,11.09887
42.76607,11.11052
42.76239,11.1195
42.76423,11.11995
42.75949,11.09634
42.76573,11.11822
42.75714,11.09547
42.76213,11.08044
42.76497,11.09593
42.76067,11.09299
42.75833,11.10042
42.7606,11.09462
42.7682,11.09638
42.76366,11.11895
42.76598,11.0964
42.75924,11.09938
42.76312,11.09423
42.75965,11.09293
42.73753,11.05702
42.7656,11.12127
42.75941,11.09704
42.76128,11.11946
42.72161,10.9994
42.76561,11.1212
42.77251,11.10502
42.7592,11.09981
42.76574,11.1201
42.76118,11.10104
42.73761,11.05719
42.76223,11.11979
42.75908,11.1004
42.76617,11.11953
42.76081,11.09999
42.76058,11.0935
42.75371,11.10283
42.7606,11.09589
42.75077,11.0972
42.76566,11.11784
42.77116,11.11328
42.76982,11.11465
42.7622,11.12189
42.76421,11.12074
42.77079,11.11503
42.76554,11.11093
42.76556,11.11088
42.75935,11.09941
42.76565,11.11945
42.7658,11.10973
42.87388,11.07005
42.76189,11.10897
42.76309,11.09434
42.76361,11.09475
42.76473,11.09722
42.76678,11.09906
42.76357,11.09686
42.76006,11.08928
42.76663,11.09692
42.76592,11.09653
42.76292,11.09417
42.76251,11.09611
42.76593,11.09641
42.7635,11.1217
42.87263,11.0713
42.76554,11.1085
42.76806,11.09819
42.76685,11.10933
42.76474,11.11158
42.7698,11.11553
42.75945,11.13042
42.76185,11.10979
42.78545,11.09836
42.69767,11.00351
42.76406,11.12432
42.87537,11.07877
42.76802,11.10991
42.76084,11.08799
42.87464,11.07605
42.87378,11.06985
42.87381,11.07461
42.76563,11.11782
42.87432,11.07317
42.76697,11.11887
42.76189,11.09282
42.76322,11.12081
42.77227,11.11372
42.76559,11.11851
42.76419,11.11065
42.87231,11.07337
42.76309,11.09636
42.76419,11.12552
42.87091,11.06937
42.76754,11.10799
42.76834,11.09834
42.73759,11.05717
42.78346,11.09887
42.7618,11.09283
42.76016,11.10066
42.87106,11.07102
42.77094,11.11375
42.77119,11.10704
42.76309,11.09668
42.76507,11.10882
42.76494,11.12006
42.76696,11.10784
42.76464,11.10975
42.7651,11.10883
42.76453,11.10846
42.76541,11.11103
42.87356,11.07361
42.76459,11.12095
42.7623,11.08033
42.76326,11.10007
42.87108,11.06984
42.77056,11.11284
42.76096,11.09497
42.76174,11.08971
42.76793,11.0972
42.75835,11.10137
42.76234,11.08572
42.76445,11.12105
42.87332,11.07145
42.87091,11.06938
42.72068,11.00004
42.87279,11.07091
42.768,11.09722
42.76555,11.11843
42.76831,11.09833
42.76991,11.11398
42.76012,11.09189
42.76069,11.09929
42.76793,11.10926
42.7626,11.10998
42.76606,11.09778
42.76759,11.11475
42.76445,11.11802
42.7645,11.12255
42.78571,11.09903
42.76612,11.11935
42.87323,11.07492
42.87258,11.07585
42.76484,11.10896
42.7636,11.10962
42.77063,11.1079
42.76759,11.10786
42.73869,11.05692
42.77068,11.10103
42.77073,11.10986
42.76502,11.11349
42.76633,11.10837
42.76211,11.11938
42.76487,11.10905
42.77068,11.10772
42.7653,11.10781
42.87242,11.072
42.76627,11.11303
42.76101,11.09889
42.76369,11.12002
42.76923,11.10825
42.76276,11.10981
42.87389,11.07331
42.76218,11.12062
42.72213,10.9989
42.76537,11.11105
42.75836,11.09886
42.77057,11.10867
42.76519,11.12148
42.76099,11.09891
42.76338,11.12163
42.76567,11.12121
42.76379,11.11182
42.7638,11.11186
42.76516,11.111
42.76383,11.11184
42.76377,11.11101
42.75216,11.09746
42.75874,11.10186
42.75297,11.09846
42.76738,11.10966
42.75851,11.10252
42.7652,11.12045
42.76514,11.1
42.76716,11.09738
42.76744,11.11178
42.77139,11.09636
42.7681,11.10968
42.7716,11.1093
42.76186,11.11987
42.76662,11.11801
42.76418,11.12095
42.76321,11.123
42.76249,11.12354
42.76674,11.11825
42.76484,11.12078
42.76537,11.1204
42.76538,11.12036
42.7858,11.09901
42.76577,11.11985
42.76425,11.12203
42.76467,11.12094
42.76458,11.12102
42.768,11.11658
42.76349,11.11146
42.76116,11.0972
42.76662,11.10963
42.76366,11.09907
42.76014,11.09185
42.7626,11.1189
42.77137,11.11291
42.77094,11.10782
42.77,11.1107
42.87452,11.07602
42.73907,11.05939
42.76748,11.11947
42.76851,11.10878
42.7713,11.11342
42.76465,11.11164
42.73909,11.05915
42.77298,11.10837
42.76494,11.11987
42.76731,11.09895
42.73915,11.05939
42.76823,11.11304
42.77293,11.10679
42.77008,11.11235
42.76192,11.11048
42.76994,11.11196
42.76635,11.10809
42.76376,11.11111
42.77073,11.10876
42.87099,11.07005
42.76979,11.11415
42.77009,11.11375
42.7715,11.10868
42.76363,11.09674
42.87362,11.07568
42.76274,11.09451
42.76194,11.11047
42.77142,11.11304
42.77089,11.11364
42.76944,11.09611
42.76001,11.09255
42.76649,11.1106
42.69733,11.00285
42.7572,11.09205
42.75285,11.09929
42.76534,11.11865
42.75663,11.09806
42.76471,11.11885
42.76534,11.09631
42.76781,11.09875
42.75859,11.10145
42.75914,11.09522
42.78574,11.09901
42.72082,11.00028
42.76077,11.09024
42.75191,11.10047
42.75103,11.09719
42.75822,11.09038
42.75755,11.09189
42.71024,11.08166
42.77078,11.11381
42.69899,11.00773
42.75671,11.09179
42.76212,11.11986
42.75785,11.1283
42.76475,11.11867
42.75878,11.09579
42.76478,11.1189
42.76423,11.09491
42.76878,11.11521
42.76212,11.12185
42.75825,11.10109
42.76831,11.09828
42.76404,11.12539
42.76418,11.12509
42.76537,11.09647
42.76229,11.08286
42.75993,11.09469
42.7627,11.11907
42.76113,11.11945
42.76282,11.11977
42.76577,11.11884
42.76456,11.11857
42.75904,11.09109
42.76052,11.08785
42.76563,11.1183
42.77028,11.11988
42.77023,11.1198
42.72153,10.99901
42.75938,11.09078
42.77176,11.1126
42.76895,11.10845
42.75716,11.09539
42.76625,11.11752
42.98034,10.68461
42.92541,10.52444
42.92533,10.52584
42.92567,10.52345
42.92725,10.5324
42.9273,10.53247
42.92651,10.53317
42.92605,10.5336
42.92685,10.53281
42.92749,10.52191
42.76627,11.11746
42.75924,11.0915
42.76648,11.11814
42.76549,11.11804
42.76929,11.10811
42.76199,11.09323
42.75251,11.09791
42.76636,11.09681
42.76764,11.12004
42.76411,11.1208
42.78247,11.10549
42.83957,11.12102
42.78012,11.11129
42.78569,11.10281
42.7635,11.10495
42.7572,11.11179
42.75547,11.11413
42.78624,11.10465
42.78268,11.11014
42.7383,11.10992
42.75586,11.11396
42.78253,11.10674
42.78017,11.11119
42.7838,11.1061
42.78572,11.11153
42.78365,11.107
42.78592,11.11203
42.78204,11.11051
42.76447,11.11863
42.76585,11.10253
42.86787,11.16699
42.86702,11.16568
42.79043,11.11255
42.80828,11.13588
42.82436,11.13593
42.76237,11.12088
42.75937,11.1178
42.78823,11.12605
42.77117,11.10708
42.7641,11.10397
42.76416,11.10391
42.76678,11.10249
42.76617,11.10494
42.76123,11.10414
42.76407,11.10359
42.76463,11.10296
42.76277,11.11689
42.8267,11.16762
42.75702,11.11136
42.7714,11.10789
42.75781,11.10467
42.76413,11.1039
42.76226,11.1182
42.86743,11.16608
42.76805,11.11551
42.76451,11.10241
42.75692,11.10654
42.76406,11.10393
42.75446,11.11488
42.75708,11.11458
42.75855,11.11021
42.76693,11.11543
42.7641,11.10389
42.76708,11.11672
42.7629,11.11967
42.75627,11.11385
42.74855,11.12157
42.80744,11.09461
42.80937,11.13923
42.7564,11.1135
42.73936,11.11019
42.7635,11.10422
42.80698,11.1356
42.86756,11.16601
42.80362,11.13595
42.75495,11.11374
42.77753,11.11537
42.77997,11.10456
42.76419,11.11751
42.75492,11.11445
42.75345,11.11385
42.75928,11.09108
42.76485,11.11522
42.76636,11.11593
42.76738,11.11485
42.76312,11.11812
42.75852,11.08864
42.7473,11.11175
42.75835,11.10005
42.7692,11.10858
42.7889,11.12474
42.76096,11.11954
42.8112,11.13758
42.75531,11.11547
42.75708,11.11449
42.75868,11.11753
42.76235,11.10464
42.80817,11.13493
42.77092,11.10789
42.76355,11.11769
42.76587,11.11607
42.76699,11.10279
42.74426,11.11038
42.7658,11.11585
42.78069,11.1036
42.75945,11.11855
42.75798,11.11576
42.7588,11.11804
42.75783,11.1171
42.76265,11.1172
42.76583,11.11457
42.7567,11.11679
42.76268,11.1185
42.76328,11.1158
42.75837,11.11704
42.76628,11.11598
42.75834,11.11562
42.78044,11.10627
42.75952,11.11853
42.76274,11.11711
42.75828,11.11575
42.76551,11.11658
42.86741,11.16571
42.76112,11.10356
42.76544,11.11471
42.75873,11.08849
42.76411,11.1145
42.7643,11.11426
42.75824,11.11562
42.809,11.13914
42.75951,11.09205
42.75961,11.09197
42.75813,11.08985
42.77036,11.11227
42.78101,11.10424
42.75691,11.12865
42.75481,11.11452
42.76834,11.11339
42.81337,11.11358
42.82017,11.13393
42.76405,11.10393
42.76596,11.10483
42.76665,11.11638
42.76559,11.10438
42.76372,11.1076
42.74658,11.11139
42.77103,11.10836
42.76681,11.10312
42.76208,11.10223
42.76514,11.11266
42.81081,11.0875
42.76241,11.11825
42.75682,11.11589
42.8465,11.0956
42.76588,11.11579
42.76401,11.11439
42.76817,11.11314
42.76828,11.11593
42.75896,11.09105
42.76217,11.11846
42.75134,11.11279
42.78573,11.09902
42.80809,11.13583
42.78111,11.10352
42.78087,11.10536
42.81746,11.10559
42.75863,11.11775
42.75577,11.11167
42.75777,11.11198
42.77176,11.11172
42.76445,11.11662
42.74292,11.10813
42.7632,11.11719
42.78376,11.10757
42.76065,11.11871
42.75853,11.1102
42.78431,11.108
42.79092,11.09916
42.76562,11.10547
42.75387,11.11228
42.76424,11.11659
42.76384,11.11521
42.76437,11.11096
42.75791,11.11179
42.7641,11.11446
42.75554,11.11544
42.78218,11.10387
42.76464,11.11323
42.78193,11.11061
42.75548,11.11177
42.77985,11.1066
42.76501,11.12237
42.75783,11.11565
42.7822,11.10848
42.78275,11.10211
42.70588,11.0208
42.76854,11.09648
42.75949,11.09414
42.77079,11.11394
42.77002,11.11497
